item,order,comment,star,kategori
HBCV00002IK55R,1,İyi sadece bi tık geniş ama rahat,5,ayakkabı
HBCV00002IK55R,2,Fiyatına göre gayet iyi ve kaliteli duruyor. Ufak tefek defolar mevcut tabi orjinal olmadığından ama göze batan çok bir şey yok,5,ayakkabı
HBCV00002IK55R,3,Fiyata göre performans gayet iyi. Öneririm,4,ayakkabı
HBCV00002IK55R,4,İndirimde denemek amaçlı aldım. Ederi 200 tl yi geçmez. Kokulu taban. Kalitesi eh işte. Bir daha alacağımı sanmıyorum.,3,ayakkabı
HBCV00002IK55R,5,Eşim ayakkabı konusunda baya seçiçi öyle her ayakkabıyı alıp giymez ama burdan ikinci alışımız gayet rahat ediyor kargo özenli ve sıkıntısız olarak zamanında geldi elinize emeğinize sağlık hayırlı işler bol kazançlar dilerim,5,ayakkabı
HBCV00002IK55R,6,"ürünü beğendim, tek sorun neden kutusu yırtık ve açık geldi onu anlamadım ? ayakkabı büyük ihtimal reyon ayakkabısı idi onu gönderdiniz bana",5,ayakkabı
HBCV00002IK55R,7,İlkin biraz sıktı ama açıldı gayet kullanışlı ve dayanıklı sanırım göreceğiz,5,ayakkabı
HBCV00002IK55R,8,Gayet kaliteli  kullanışlı bir ayakkabı bir kaçgün içinde elime ulaştı teşekkürler.,5,ayakkabı
HBCV00002IK55R,9,Çok süper bir ürün hemde çok uygun fiyatlı vallahi 2 tane aldım,5,ayakkabı
HBCV00002IK55R,10,Kalıbı biraz  büyük ama kalitesi  belli,5,ayakkabı
HBCV00002IK55R,11,Resimdeki göründüğü gibi geldi.paketleme guzeldi.Kargom hızlı geldi.Ayak numaranizin dışında 1 numara büyük alina bilir.,4,ayakkabı
HBCV00002IK55R,12,Tek kelime ile parasının hakkını veriyor,5,ayakkabı
HBCV00002IK55R,13,Kalite iyi değil tabanı hiç iyi değil renk ayağına geçiyor,5,ayakkabı
HBCV00002IK55R,14,Gerçekten çok güzel hayırlı işler dilerim 😊,5,ayakkabı
HBCV00002IK55R,15,ürünler yeni ulaştı kaliteli gözüküyor giymedim bu markadan daha önce giymiş tim kaliteliydi,4,ayakkabı
HBCV00002IK55R,16,Fiyatına göre güzel sadece renk verdi,4,ayakkabı
HBCV00002IK55R,17,Çok begenerek aldık aldığımız gıbı geldı tam kalıp alın,5,ayakkabı
HBCV00002IK55R,18,Ürün güzel kaliteli ama biraz ağır bi ürün ve 1 numara değil 2 numara küçük alınmalı kalıp çok büyük,4,ayakkabı
HBCV00002IK55R,19,Güzel ayakkabı kalitesi de iyi alınır,4,ayakkabı
HBCV00002IK55R,20,Ayakkabı güven veren bir yapıya sahip ayakta fazla durduğunuzda yoruyor bu konuda çalışma yapılır ve tabanlıkları daha rahat olursa emin olun daha değerli bir ürün haline gelir yorumları mağazaya iletiniz lütfen,5,ayakkabı
HBCV00002IK55R,21,Beğendim benim favori ayakkabım zaten teşekkür ederim,5,ayakkabı
HBCV00002IK55R,22,Kaliteli,5,ayakkabı
HBCV00002IK55R,23,Tam numara alin çok kaliteli bir urun,5,ayakkabı
HBCV00002IK55R,24,Resmen defolu geldi ayakkabı kesinlikle almayın babalar günü için babama aldım madur ettiniz iadem umarım hemen alınır,5,ayakkabı
HBCV00002IK55R,25,Derisi çok güzel çok rahat eşime aldım normal kalıp ayak numarası neyse onu aldım tam oldu f/p,5,ayakkabı
HBCV00002IK55R,26,"Hakiki deri olan hers

eyi severim",5,ayakkabı
HBCV00002IK55R,27,1 numara küçük alınabilir . Kaliteli güzel ayakkabı,5,ayakkabı
HBCV00002IK55R,28,Süper,5,ayakkabı
HBCV00002IK55R,29,Köye bile götürdüm çamura girdim yıkadım valla yine bir şey olmadı,5,ayakkabı
HBCV00002IK55R,30,beklediğim gibi geldi. fiyat performans ürünü. 👍,5,ayakkabı
HBCV00002IK55R,31,Tam istediğim gibi. Görseli aynasıdır. Sanırım yarım kalıb büyük. Buda iyi bir şeydir.,5,ayakkabı
HBCV00002IK55R,32,"Numarası ayağıma uygun geldi.
Modelini de çok beğendiğim teşekkür ediyorum",5,ayakkabı
HBCV00002IK55R,33,"Kargolama yerinde, ürün gayet iyi. Ayak numaranızın 1 düşüğünü alın ki orijinalinde dahi ayak numaranızın bir düşüğü gidiyor.",5,ayakkabı
HBCV00002IK55R,34,"Kalıbı biraz küçük, bana oldu, gerçekten güzel ayakkabı",5,ayakkabı
HBCV00002IK55R,35,Resimdeki gibi kalşteli,5,ayakkabı
HBCV00002IK55R,36,"Ayakkabı gerçek deri, dikiş işçiliği sağlam ve özenli gözüküyor.",5,ayakkabı
HBCV00002IK55R,37,Bana göre iyi en azından ayağım rahat etti,4,ayakkabı
HBCV00002IK55R,38,2.5tan 3. Son zamanlarda aldığım en kötü yan sanayi dexter. İlk günden aşırı terletti. Üç kısmı özensiz dikilmiş.,3,ayakkabı
HBCV00002IK55R,39,Ürün güzel parasına göre bir numara küçük alın,4,ayakkabı
HBCV00002IK55R,40,İyi görünüyor biraz dar,5,ayakkabı
HBCV00002IK55R,41,Ayakkabı çok rahat çokta guzel,5,ayakkabı
HBCV00002IK55R,42,Fiyatına göre kaliteli ürün teşekkürler,5,ayakkabı
HBCV00002IK55R,43,Lacivert kahverengi detaylı modeli sipariş verdim düz kahverengi gönderilmiş satıcıya dikkatsizliği yuZunden notum tek yildiz,1,ayakkabı
HBCV00002IK55R,44,"İstediğim bağcıksız ayakkabıydı, bağcıklı geldi,kalitesi de resimlerde görüldüğü gibi değil, tavsiye etmiyorum.",1,ayakkabı
HBCV00002IK55R,45,"Tam kalıp geldi, uzun soluklu bilmiyorum ama şimdilik iyi. Yumuşak bir dokusu var ayağı yormuyor",5,ayakkabı
HBCV00002IK55R,46,Ürün fiyatına göre fena değil gorseldeki gibi Dexter yazısı yok tabanı da kötü yapılmış,3,ayakkabı
HBCV00002IK55R,47,"Gelen ürün; Görselinde görünür renkte değil, geldiğinde gayet güzel görünüyor. İlk giydiğimde sağ ayakkabının üst dikişi 5 cm. Boyunda açıldı. Giydiğim için de iade edemedim. Maalesef böyle bir şey başıma geldi.",2,ayakkabı
HBCV00002IK55R,48,Gorseldeki urunum zamaninda geldi tesekkurler,5,ayakkabı
HBCV00002IK55R,49,Çok iyi tereddüt ederek almıştım ama o kadar memnun kalacağımı bilsem hiç düşünmezdim,4,ayakkabı
HBCV00002IK55R,50,Görseller gerçeği yansıtmıyor. Gelen ürün görsel olarak benzese de kalite olarak alakasız. Fotoğraflarda daha yüksek kaliteli malzeme ile üretilmiş ürünler olabilir.,3,ayakkabı
HBCV00002IK55R,51,Bir numata küçük alinmali,5,ayakkabı
HBCV00002IK55R,52,Hakiki deri diye aldık inşallah öyledir,5,ayakkabı
HBCV00002IK55R,53,Fiyatına göre gayet iyi ve kaliteli,5,ayakkabı
HBCV00002IK55R,54,Orijinal değil ama sağlam duruyor fiyat performans ürünü ben beğendim,5,ayakkabı
HBCV00002IK55R,55,Şık rahat bir ayakkabı beklediğimiz gibi geldi,5,ayakkabı
HBCV00002IK55R,56,Numaranıza göre alabilirsiniz gayet güzel kaliteli ayakta duruşu çok iyi,5,ayakkabı
HBCV00002IK55R,57,Kendi numaramın 1 küçüğü bile büyük oldu. Bu nasıl bir kalıptır anlamadım. İade ettim.,1,ayakkabı
HBCV00002IK55R,58,Kalıbı çok büyük kesinlikle bir numara küçük alın.,3,ayakkabı
HBCV00002IK55R,59,Çok kalitesiz dikişler iki aydır içinde patladı,1,ayakkabı
HBCV00002IK55R,60,ÜRÜN TAM FİYATININ ÜRÜNÜ AMA ÇOK KALİTE BEKLEMEYİN,3,ayakkabı
HBCV00002IK55R,61,Dışı iyide bu içindekiler ne onu anlamadım. Fena değil alınabilir,4,ayakkabı
HBCV00002IK55R,62,Ürün güzel 1 numara büyük geldi. Geri iade edip bir numara küçüğünü sipariş ettim.,5,ayakkabı
HBCV00002IK55R,63,Ürün güzel ama bir numara büyük geldi. İade edip bir numara küçüğünü sipariş verdim.,5,ayakkabı
HBCV00002IK55R,64,Gayet rahat ve şık,5,ayakkabı
HBCV00002IK55R,65,Şık ve kullanışlı,5,ayakkabı
HBCV00002IK55R,66,Güzel,4,ayakkabı
HBCV00002IK55R,67,Rahat kullanışlı,5,ayakkabı
HBCV00002IK55R,68,Tabanı çok sert. İçine Tabanlık almak gerek.,3,ayakkabı
HBCV00002IK55R,69,Çok sert ve kullanışsız ayağı acıtıyor,1,ayakkabı
HBCV00002IK55R,70,"Uğraşmamak adına iade etmiyorum, ürün elime bugün ulaştı, üründe bıçak kaçtığını dediğimiz kesikler mevcut halka arz etmeden kontrol ederseniz daha doğru olur.",3,ayakkabı
HBCV00002IK55R,71,Fena değil daha önce aynisinda almıştım daha kaliteliydi,2,ayakkabı
HBCV00002IK55R,72,Tam ayağıma göre güzel .,5,ayakkabı
HBCV00002IK55R,73,Ürünler fiyatına göre iyi 2 tane indirimli aldım.,5,ayakkabı
HBCV00002IK55R,74,Ürün kaliteli bağciklari kalın olduğu için zor baglaniyor,5,ayakkabı
HBCV00002IK55R,75,Güzel ve rahat tam fiyat performans ürünü. Yazın vazgeçilmezi,5,ayakkabı
HBCV00002IK55R,76,Bu tarz ayakkabıları tercih edenler için iyi bir seçim olabilir f/p ürünü güzel . Normal ayak numaranızı tercih edebilirsiniz. Satıcıya teşekkür ederim.,5,ayakkabı
HBCV00002IK55R,77,Hızlı geldi ürün güzel sadece baciklari sert cabuk cozukuyor,5,ayakkabı
HBCV00002IK55R,78,Beş para etmez bir ürün kesinlikle tavsiye etmiyorum fazlasıyla defolu bir üründür vaktim olmadigi için iade etmiyorum ama bu firmadan da artık birseh almam,1,ayakkabı
HBCV00002IK55R,79,Fena değil,3,ayakkabı
HBCV00002IK55R,80,Ayakkabı çok rahat ve yumuşak.,5,ayakkabı
HBCV00002IK55R,81,Beklentimin üzerinde çoktı.gayet güzel. Tavsiye ederim,5,ayakkabı
HBCV00002IK55R,82,Eşime almıştık çok memnun kaldı kalitesi mükemmel,5,ayakkabı
HBCV00002IK55R,83,Dar kalıp ve birde tabana konan destek ayak acıtıyor ve ayak ağrıtıyor,4,ayakkabı
HBCV00002IK55R,84,Dar kalıp ayak tabanında bulunan destek ayak acıtıyor ve ağrıtıyor,4,ayakkabı
HBCV00002IK55R,85,Sadece bir numara küçüğünü alın bana bol geldi 44 giyerim sürekli,5,ayakkabı
HBCV00002IK55R,86,Ürün bugün elime geçti ama ürün defolu vede ve tavanı çok kötü kavuçuk kokuyor,1,ayakkabı
HBCV00002IK55R,87,Beklediğimden çok çok kötü rahat değil çok sert hiç tavsiye etmiyorum,1,ayakkabı
HBCV00002IK55R,88,Ayakkabıyı nişanlıma hediye aldım çok güzel kaliteli ürün 👍👍👍,5,ayakkabı
HBCV00002IK55R,89,Resimde polaris etiketi vardı ancak gelen ayakkabı polaris değil,3,ayakkabı
HBCV00002IK55R,90,"Çok rahat ve esnek 
Tam bir F/P ürünü
Tavsiye ederim",5,ayakkabı
HBCV00002IK55R,91,Hızlı kargo ve güzel paketleme için teşekkürler.,5,ayakkabı
HBCV00002IK55R,92,Tabanı çok kalitesiz,2,ayakkabı
HBCV00002IK55R,93,"Kalite süper, fiyat süper, satıcı firmaya çok teşekkürler",5,ayakkabı
HBCV00002IK55R,94,Eşime aldım numarası 1 numara küçük almanızda fayda var kalıbı biraz büyük,5,ayakkabı
HBCV00002IK55R,95,Kalıbı çok dar. İki numara daha büyüğünü almak gerekebilir. Oysa kalitesi fiyatına göre çok iyi. Geri gönderip iki numara büyüğünü istedim temin etmediler. Sorunsuz şekilde para iadesi oldu.,4,ayakkabı
HBCV00002IK55R,96,muhteşem ayakkabıya bayıldım hemen fiyat falan değişmeden 1tane daha alacağım 😍♥️,5,ayakkabı
HBCV00002IK55R,97,Kargolama hızlıydı. Fiyat performans ürünü çok kaliteli değil ama bu fiyata böyle çok seçenek yok. İpleri biraz sıkıntılı geldi uc kısmı kopmak üzere. Tabanlık biraz kullanıldığı zaman kolay çıkacak gibi duruyor. Görünüşü şık ve kullanışlı.,4,ayakkabı
HBCV00002IK55R,98,Ayakkabı çok güzel ama dikiş hatası var..aynısı ile değişim mümkün müdür?,2,ayakkabı
HBCV00002IK55R,99,Kalıbı büyük galiba her zaman giydiğim numara aldık büyük geldi,2,ayakkabı
HBCV00002IK55R,100,"Ayakkabı gayet rahat ve şık, ilk aldığımda içinin siyah rengi çorabı boyuyordu, ancak sonra bu sorun kalmadı.",4,ayakkabı
HBCV00002IK55R,101,Ürün güzel fakat iç astarı çok ince iç tabanlık almanız lazım 150 liraya iş tabanlik aldım bu yüzden ayakkabı pahalıya geldi,4,ayakkabı
HBCV00002IK55R,102,Günlük giymek için çok rahat bir Ayakkabı. Kargo çok erken geldi. Teşekkür ediyorum..,5,ayakkabı
HBCV00002IK55R,103,Fiyatına göre gayet iyi.. F/p ürünü.. beklediğimden iyi çıktı..  normal ayak numaranızı sipariş edin.,5,ayakkabı
HBCV00002IK55R,104,Tam kalıp çok rahat,5,ayakkabı
HBCV00002IK55R,105,Ürün çok güzel ama benim istediğim numara yok 39 numara varsa çok sevinirim farklı renkleri’de olabilir,5,ayakkabı
HBCV00002IK55R,106,Berbat bir ürün sadece altı hemn atıyor,1,ayakkabı
HBCV00002IK55R,107,"Hızlı kargo, fiyat performans ürünü.",5,ayakkabı
HBCV00002IK55R,108,Ayakkabı güzel tavsiye ederim,5,ayakkabı
HBCV00002IK55R,109,Sorunsuz ürün ben memnun kaldım,5,ayakkabı
HBCV00002IK55R,110,Parasına göre ayakkabı beklenti yüksek olmasın,2,ayakkabı
HBCV00002IK55R,111,Ayakkabı resimdeki gibi değil beyenmedim çogunlukla bayan ayakkabısını benziyor bir anlam veremedim,2,ayakkabı
HBCV00002IK55R,112,Ayakkabılar resimdeki gibi gösterişli ve kaliteli değil ayakkabı ilk günden şekilden şekile girdi,3,ayakkabı
HBCV00002IK55R,113,Çok güzel sadece alacak arkadaşlar bir numara küçük tercih edebilirler kalıpları bi hayli büyük onun dışında çok güzel,5,ayakkabı
HBCV00002IK55R,114,Tam kalıp güzel begendik,5,ayakkabı
HBCV00002IK55R,115,Parasına göre,2,ayakkabı
HBCV00002IK55R,116,Ürün temiz ve kaliteli,5,ayakkabı
HBCV00002IK55R,117,Gayet başarılı teşekkür ederim,5,ayakkabı
HBCV00002IK55R,118,Fiyatına göre kaliteli ve günlük kullanıma uygun,5,ayakkabı
HBCV00002IK55R,119,Hızlı kargo ürün sorunsuz geldi,5,ayakkabı
HBCV00002IK55R,120,Esim beğendi sağlam rahat bı ayakkabı tam bedeninizi alin,5,ayakkabı
HBCV00002IK55R,121,On numara bir ürün herkese tavsiye ederim,5,ayakkabı
HBCV00002IK55R,122,Guzel hizli kargo,5,ayakkabı
HBCV00002IK55R,123,Ürün gayet güzel ve kaliteli.kendi ayak numaranızı ala bilirsiniz.hakiki deri dir,5,ayakkabı
HBCV00002IK55R,124,Arkadaşlar bugüne kadar internetten alıp da bu siparişim kadar memnun kaldığım hiçbir siparişim olmadı gerçekten aldığı parayı hak ediyor tavsiye ederim,5,ayakkabı
HBCV00002IK55R,125,İşçilik ve malzeme gayet güzel..  normal ayak numaranızı alın,5,ayakkabı
HBCV00002IK55R,126,Gerçek deri ayakkabının tabanı biraz daha iyi olabilirdi,4,ayakkabı
HBCV00002IK55R,127,Tabanlık ile üst kısım hiç iyi yapıştırılmamış çok boşluk var arada,2,ayakkabı
HBCV00002IK55R,128,Fiyat/Performans ürünü. Yaz boyunca beğenerek giydim ve önümüzdeki senelerde de giyeceğim inşallah. Tek pişmanlığım keşke başka renklerinden de alsaymışım.,5,ayakkabı
HBCV00002IK55R,129,Kaliteli ürün tavsiye ederim,5,ayakkabı
HBCV00002IK55R,130,Ürünü çok beğendim teşekkür ederim bol kazançlar,5,ayakkabı
HBCV00002IK55R,131,Ürün güzel fakat kalıbı bol teşekkürler,5,ayakkabı
HBCV00002IK55R,132,Güzel ayakkabı,5,ayakkabı
HBCV00002IK55R,133,Ürün gayet güzel derisi kaliteli emsalleri 750 TL bu fiyata bu ayakkabı çok güzel ben beğendim tavsiye ederim 42 numara kalıbı birebir aynı,4,ayakkabı
HBCV00002IK55R,134,Çok kötü 4-5 defa giymede hemen önü açıldı,1,ayakkabı
HBCV00002IK55R,135,Ürünüm geldi yanlış oldu numarasında 42olacak değişim için göstermiş gayretlerinden dolayı hepsi burdaya asistanina teşekkür ediyorum anında dönüş çözüm odaklı çalışma sistemi 100%100,5,ayakkabı
HBCV00002IK55R,136,Gayet iyi F/P ürünü,4,ayakkabı
HBCV00002IK55R,137,Rahatve kullanisli,4,ayakkabı
HBCV00002IK55R,138,Cok guzel bir ayakkabi babam icin almistim severek kullaniyor uzun sure oldu alali kullanip o sekilde yorum yapmak istedim kaliteli ve güzel,5,ayakkabı
HBCV00002IK55R,139,Ayakkabı güzel fiytına göre çok iyi,5,ayakkabı
HBCV00002IK55R,140,Ayakkabımı çok beğendim,5,ayakkabı
HBCV00002IK55R,141,fiyatına göre iyi,4,ayakkabı
HBCV00002IK55R,142,Fiyatının çok üzerinde kaliteli ayakkabı. Tipini beğenenlere kesinlikle tavsiye ederim.,5,ayakkabı
HBCV00002IK55R,143,Ürün gayet iyi,5,ayakkabı
HBCV00002IK55R,144,Kalıp geniş gibi ama rahat,4,ayakkabı
HBCV00002IK55R,145,Alınabilir fiyatına göre rahat ve şık.,5,ayakkabı
HBCV00002IK55R,146,Çok guzel,5,ayakkabı
HBCV00002IK55R,147,Ayakkabı kalitesi çok kötü,2,ayakkabı
HBCV00002IK55R,148,Bu fiyata harika,5,ayakkabı
HBCV00002IK55R,149,Güzel rahat kaliteli ayakkabı,5,ayakkabı
HBCV00002IK55R,150,Çok iyimiş,5,ayakkabı
HBCV00002IK55R,151,Gayet iyi görünüyor..,5,ayakkabı
HBCV00002IK55R,152,F/P ürünü rahat düşünmeden alın,5,ayakkabı
HBCV00002IK55R,153,Giymedim ama güzel duruyor çok kaliteli orijinal değil ama hiç yoktan da iyi 500/600 vermeyip idare ederim dersen iş görür mü on numara görür,5,ayakkabı
HBCV00002IK55R,154,Beğendik tesekkur ederiz bir puan dikim ip falan kalmış o yüzden kırdım.,4,ayakkabı
HBCV00002IK55R,155,Üründe tabanda dikiş yok yapıştırma kısa sürede taban ayrılıyor dikiş attırmak zorunda kaldım dikkate almanızı öneririm satıcı  ve alıcı olarak,1,ayakkabı
HBCV00002IK55R,156,Hakiki deri felan değil.Oyle bir beklentiniz olmasın ama fenada değil.,5,ayakkabı
HBCV00002IK55R,157,İdare eder ama kalite tek yıldız,1,ayakkabı
HBCV00002IK55R,158,İç kısım ve taban olarak ayakları çok rahatsız ediyor çok sert bir yapısı var hakiki deri yazıyor ama hiç deri yapısı göremedim deri yumuşak yapıda olur ama sert bir yapıya sahip göründüğü gibi hiç değil tavsiye etmem .,1,ayakkabı
HBCV00002IK55R,159,Ürün görüntü olarak güzel bir haftada tabanı ayrıldı tabanda dikiş yok yapıştırma yapmışlar. Üstüne gidip dikiş attırmak zorunda kalıyorsunuz iki çift almıştım ikisinede artı dikiş yaptırmak zorunda kaldım…,1,ayakkabı
HBCV00002IK55R,160,Ayakkabı defolu geldi firma sınıfta kaldı hiç tavsiye etmiyorum,1,ayakkabı
HBCV00002IK55R,161,Ürün geldi dikiş hataları var ve bı noktasında yarım santim leşter kesiği var o an ihtiyacım olmasa giğmeyip iade edecektim tavsiye etmiyorum,1,ayakkabı
HBCV00002IK55R,162,İlk defa aldığım Dexter modelin arkası ayaklarımı vurdu,3,ayakkabı
HBCV00002IK55R,163,Ûrünü pek beğenmedim kalitesi düşuktü ama fiyatıda düşüktü .karar sizin.,3,ayakkabı
HBCV00002IK55R,164,Çok kaliteli bir ürün diyemem ama bu fiyata göre oldukça iyi,3,ayakkabı
HBCV00002IK55R,165,Cok kötü bir ürün geldi deri cok kırışık. Dikiş ipleri kesilmemiş ayakkabının içinde ve altında.. İyade edicem cok kötü,1,ayakkabı
HBCV00002IK55R,166,F/p ürünü fiyatına göre çok iyi,5,ayakkabı
HBCV00002IK55R,167,Çok güzel. Tşkler.,5,ayakkabı
HBCV00002IK55R,168,Çok rahat sağlam ve şık.,5,ayakkabı
HBCV00002IK55R,169,"Arkadaşlar ürünü beğendim ikincisin kardeşime aldım, kalıb olarak kendi numaranızı alın çok rahat edeceksiniz
Tavsiye ederim.",5,ayakkabı
HBCV00002IK55R,170,Ürün gayet güzel ve kaliteli satıcı firma sorulan tüm sorulara hızlı cevap vererek çözüm İçin fazlası ile yardımcı oluyor tşk,5,ayakkabı
HBCV00002IK55R,171,deri güzel tavsiye ederim,5,ayakkabı
HBCV00002IK55R,172,Kalıp geniş bir numara küçük tercih edilmeli,5,ayakkabı
HBCV00002IK55R,173,Başarılı rahat sorun yaşamadım emeği geçenlere teşekkürler,5,ayakkabı
HBCV00002IK55R,174,"Kaliteli malzemeden üretilmiş, emeği geçenlerin eline sağlık.",5,ayakkabı
HBCV00002IK55R,175,Fiyat a göre iyi,5,ayakkabı
HBCV00002IK55R,176,Harika istedigimde daha kaliteli geldi urunum tesekurler hepsi burda,5,ayakkabı
HBCV00002IK55R,177,Kaliteli ve şık bir ürün.Ama kalıbı büyük.Normal numaramı almama rağmen 1 numara büyük geldi.,5,ayakkabı
HBCV00002IK55R,178,Ürün  güzel hızlı kargo,5,ayakkabı
HBCV00002IK55R,179,Urun kaliteli,5,ayakkabı
HBCV00002IK55R,180,Güzel ayakkabi rahat kaliteli,4,ayakkabı
HBCV00002IK55R,181,Teşekkürler..,5,ayakkabı
HBCV00002IK55R,182,tabanındaki astar çıkıor yoksa güzel,5,ayakkabı
HBCV00002IK55R,183,Teşekkür ederim Allah razı olsun hayırlı işler bol kazançlar,5,ayakkabı
HBCV00002IK55R,184,"F/p markalı ürün isteyen onu alsın , sadece uçları az bi açık makinadan kaçma gibi yapıştırıp diktircem aylarca giyilir sonra 👍",5,ayakkabı
HBCV00002IK55R,185,Şimdilik bir sıkıntı görünmüyor. Kullandıkça kalitesini göreceğiz.,4,ayakkabı
HBCV00002IK55R,186,Mükemmel bence... çok rahat ve şık,5,ayakkabı
HBCV00002IK55R,187,Gerçekten kaliteli rahat çok başarılı tesekkurler,5,ayakkabı
HBCV00002IK55R,188,İç astarı çok berbat parmak ve ayak ya BİTİŞ lerde sanki çivi batıyor iki kullanımda uç atarlar toplanmaya başladı üzgünüm beğenmedim geri dönüşüme verecem,5,ayakkabı
HBCV00002IK55R,189,40 numara olarak aldığım ürün ayağıma olmadı. Çok net 42 numara ayakkabı giyen birine rahatlıkla olur. Ürünü alırken bunu göz ardı etmeyin. Ayrıca ayakkabı kutusu ezilerek gelmişti,1,ayakkabı
HBCV00002IK55R,190,Ürünü gösterdikleri gibi değil,1,ayakkabı
HBCV00002IK55R,191,"Kesinlikle tavsiye etmiyorum.Ürün işçilik hatalarıyla dolu.Dikiş,yapıştırma yerlerinde hata çok fazla.Kısa zamanda çöp olacak bir ayakkabı",1,ayakkabı
HBCV00002IK55R,192,Çok güzel tavsiye ederim,5,ayakkabı
HBCV00002IK55R,193,Ürün sandığım dan daha güzel çıktı ve ayakta çok daha havalı duruyor. Kokusu gayet kalıcı.,5,ayakkabı
HBCV00002IK55R,194,Aynen denildiği gibi şafi deri güzel rahat biraz daha hafif ola bilirse iyi olur,3,ayakkabı
HBCV00002IK55R,195,"Ürünün kalitesi iyi, lakin kalıp sorunu var, daha önceki yorumlarda da okudum kalıb sorunu var, diye, ben 42 numara giyiyorum, 42 numara aldım, baya büyük, onun için değişim istedim. Bakalım nasıl çözeriz.",4,ayakkabı
HBCV00002IK55R,196,Dexter değil oxder diye bir ayakkabı geldi gerçi fiyatı ortada ..orta kalite ayakkabı..,3,ayakkabı
HBCV00002IK55R,197,Gayet güzel ve rahat,5,ayakkabı
HBCV00002IK55R,198,Babam için almıştım. İç dış deri... Düşündüğümden güzel geldi. Kargoda söylenen zamanda teslim etti. Teşekkürler...,5,ayakkabı
HBCV00002IK55R,199,Fiyatına göre iyi ve guzel,5,ayakkabı
HBCV00002IK55R,200,Cok güzel  teşekkür ediyorum,5,ayakkabı
HBCV00002IK55R,201,Satıcı firmaya teşekkür ederim ürün fiyatına göre çok iyi,5,ayakkabı
HBCV00002IK55R,202,Kalıpları büyük ama güzel fiyat performans olarak beğendim.,5,ayakkabı
HBCV00002IK55R,203,Tabanı daha iyi olabilirdi ama indirimdeyken aldım fiyatı uygun.,4,ayakkabı
HBCV00002IK55R,204,Süper ayakkabı,5,ayakkabı
HBCV00002IK55R,205,Kalitesi düşük,4,ayakkabı
HBCV00002IK55R,206,İyi beğendim,5,ayakkabı
HBCV00002IK55R,207,Gerçekten fiyatına göre hesaplı ve kaliteli hepsi burada ya ve satıcıya teşekkür ler.,5,ayakkabı
HBCV00002IK55R,208,Harika tam istediğim gibi teşekkürler,5,ayakkabı
HBCV00002IK55R,209,Güzel begendim,5,ayakkabı
HBCV00002IK55R,210,Hızlı Kargo Teşekkürler,5,ayakkabı
HBCV00002IK55R,211,Çok iyi ürün. Teşekkür ederim,5,ayakkabı
HBCV00002IK55R,212,Bu paraya aldığınız bir ayakkabıdan fazla bir şey beklememek lazım zaten. Tek garip gelen şey üzerinde hiçbir şeyin yazmıyor olması. Sadece tabanında numarası yazıyor. Diğer taraftan dediğim gibi bu parayla alınabilecek bir ayakkabı,4,ayakkabı
HBCV00002IK55R,213,Son derece kaliteli,5,ayakkabı
HBCV00002IK55R,214,Severek giyiyorum. Fiyati çok uygun ve kaliteli. Tabanıda rahat . Teşekkürler,5,ayakkabı
HBCV00002IK55R,215,Fiyata göre iyi. Altlık yok ama ise yarar fazlasıyla,4,ayakkabı
HBCV00002IK55R,216,Teşekkürler,4,ayakkabı
HBCV00002IK55R,217,Güzel ürün.Taban lastiği biraz kokuyor o kadar..👍Umarım geçer kokusu,5,ayakkabı
HBCV00002IK55R,218,İç tabani çok ince iki gün giydim ayaklarım ağrıdı tabanlık aldim ekstre onun dışında kalitesi güzel fiyat performans ürünü,5,ayakkabı
HBCV00002IK55R,219,Ürün gayet iyi ufak tefek taban sorunu yaratıyor ortapedik içlik yok,5,ayakkabı
HBCV00002IK55R,220,Ürünü çok beğendim ama eşime büyük geldi iade ettik sonuç gelince yeniden almayı düşünüyorum,5,ayakkabı
HBCV00002IK55R,221,Fiyat performans 5 Yıldız,5,ayakkabı
HBCV00002IK55R,222,Ürün gayret güzel.,5,ayakkabı
HBCV00002IK55R,223,Kalıp geniş tutulmuş.Numaranızın bir küçüğünü almanızı öneririm.Kalite güzel,4,ayakkabı
HBCV00002IK55R,224,ÇOK GÜZEL İYIDİR,5,ayakkabı
HBCV00002IK55R,225,"Kaliteli ürün,tavsiye ederim",5,ayakkabı
HBCV00002IK55R,226,Çok şık ve rahat bir kullanımı var.,5,ayakkabı
HBCV00002IK55R,227,Alırken biraz tereddüt etmiştim ama gayet başarılı.,5,ayakkabı
HBCV00002IK55R,228,Gayet güzel bir ayakkabı kokusuna bayıldım çok güzel kokuyor,5,ayakkabı
HBCV00002IK55R,229,Çok güzel kaliteli bir ürün,5,ayakkabı
HBCV00002IK55R,230,Çok iyi kaliteli hafif beğendim teşekkürler,4,ayakkabı
HBCV00002IK55R,231,Beğenmedim malzemesi çok kalitesizmis,1,ayakkabı
HBCV00002IK55R,232,Geldiği geri gönderdim kutudan çıkardım uçları giymeden açık dikişler berbat en faza 3 gün giyersin sonra çöp,1,ayakkabı
HBCV00002IK55R,233,Hiç girundugungibi değil,1,ayakkabı
HBCV00002IK55R,234,Alt tabani biraz açık geldi bide birinin onu birinden farklı beğenmedim fazla,1,ayakkabı
HBCV00002IK55R,235,Ayakkabının içinde adamın ayağına takılan  bir çıkıntı var. O yüzden iade edeceğim.,1,ayakkabı
HBCV00002IK55R,236,Hakiki deri değil ve dikiş hataları var.,1,ayakkabı
HBCV00002IK55R,237,Kaliteli hakiki deri firmaya teşekkūr,5,ayakkabı
HBCV00002IK55R,238,Markası bile belli değil.,3,ayakkabı
HBCV00002IK55R,239,İyi rahat,3,ayakkabı
HBCV00002IK55R,240,Zamaninda ve saglam geldi. Fiyat performans urunu,3,ayakkabı
HBCV00002IK55R,241,Kalıp dar geldi,3,ayakkabı
HBCV00002IK55R,242,Ürün ilk gunlerde iyi idi. Yanlız 1 ay sonra ağzı gözü yamulmaya başladı. Bildiğiniz şekli değişiyor ki ben ayakkibilari hor kullanan biriside değilim. Önceki ayakabim 5sene giymiş birisi olarak pek tavsiye edemiyorum. 1 yıl bitmeden yenisini alacaz gibi. Sağlam oturaklı bir ayakkabı ya 2 katı fiyatını verip 5-6 yıl giymek daha mantıklı.,3,ayakkabı
HBCV00002IK55R,243,Güzel ve rahat saglam bir ürun,5,ayakkabı
HBCV00002IK55R,244,Çok güzel kaliteli fakat numura Küçük geldi iade ettim,5,ayakkabı
HBCV00002IK55R,245,Teşekkürler.,5,ayakkabı
HBCV00002IK55R,246,Çok iyi,5,ayakkabı
HBCV00002IK55R,247,Eşim çok beğendi,5,ayakkabı
HBCV00002IK55R,248,Fiyatına göre çok iyi bir ürün,5,ayakkabı
HBCV00002IK55R,249,Çok güzel,5,ayakkabı
HBCV00002IK55R,250,Süper,5,ayakkabı
HBCV00002IK55R,251,Ekonomik güzel bir ayakkabı tavsiye ederim,4,ayakkabı
HBCV00002IK55R,252,Hızlı kargo ve kaliteli ayakkabılar için teşekkürler :),5,ayakkabı
HBCV00002IK55R,253,Fiyatını hak eden bir ürün. Güzel duruyor ve sağlam görünüyor.,5,ayakkabı
HBCV00002IK55R,254,Tam istediğim gibi hızlı ve resimde ki ürün. Muggo ya teşekkürler,5,ayakkabı
HBCV00002IK55R,255,Çok guzel,5,ayakkabı
HBCV00002IK55R,256,Ürün beklediğim gibi fiyatına göre gayet güzel,5,ayakkabı
HBCV00002IK55R,257,Deri ve Malzeme kalitesi iyi ama işçilik hataları var.,4,ayakkabı
HBCV00002IK55R,258,Çok iyi hemen kullandım hiç sinek kalmadı hepsi öldü ben memnunum,5,ayakkabı
HBCV00002IK55R,259,"Çok güzel, parasını hakediyor",5,ayakkabı
HBCV00002IK55R,260,Hakikaten çok beğendim tamda ayağıma oturdu tavsiye ediyorum,5,ayakkabı
HBCV00002IK55R,261,Beğendim tavsiye ederim ayak numara tam oluyor teşekkürler,5,ayakkabı
HBCV00002IK55R,262,Kaliteli  ve kullanışlı beğendim,5,ayakkabı
HBCV00002IK55R,263,Fiyatına göre kaliteli. Memmun kaldım.,5,ayakkabı
HBCV00002IK55R,264,Babama hediye olarak aldım cok begenmiş cok güzel,5,ayakkabı
HBCV00002IK55R,265,Kalıbı büyük 1 numara küçük alınabilir,4,ayakkabı
HBCV00002IK55R,266,Bu model ayakkabılarınız standart ölçüden bir beden daha büyük.,4,ayakkabı
HBCV00002IK55R,267,Fiyatına göre gayet güzel bu fiyata bu kalite bravo 🙌,5,ayakkabı
HBCV00002IK55R,268,Ürün geldi fiyatına göre güzel hoşuma gitti,5,ayakkabı
HBCV00002IK55R,269,Güzel ayakkabı beğendim ben,5,ayakkabı
HBCV00002IK55R,270,Tesekkurler,5,ayakkabı
HBCV00002IK55R,271,Çok hızlı bir şekilde elime ulaştı beklediğimden kaliteli,5,ayakkabı
HBCV00002IK55R,272,Çok kaliteli beğendim almalısınız,5,ayakkabı
HBCV00002IK55R,273,Ürün gerçekten hakiki deri fiyat mükemmel teşekkürler,5,ayakkabı
HBCV00002IK55R,274,Kenarları 2giymede açıldı,1,ayakkabı
HBCV00002IK55R,275,Keşke göndermeden önce kontrol etseydiniz ürün hasarlı geldi iade etmek zorunda kaldım,1,ayakkabı
HBCV00002IK55R,276,Ürün taban 42 üstü 43/44 gibi yayıldı gitti iki  kullanmada,1,ayakkabı
HBCV00002IK55R,277,Çok kalitesiz,1,ayakkabı
HBCV00002IK55R,278,Çok kalitesiz beğenmedim,1,ayakkabı
HBCV00002IK55R,279,İade yaptık beğenmedik.,1,ayakkabı
HBCV00002IK55R,280,"Ayakkabılar fena değil ama iç kısmında tabanın yarısına kadar iç astarı var ona göre alın,yoksa benim gibi gidip ayrı bir tabanlık alıp o şekilde giyebilirsiniz... Fiyatına göre iyidir...",3,ayakkabı
HBCV00002IK55R,281,Orta..,3,ayakkabı
HBCV00002IK55R,282,Fena değil kalıbı tam kalıp ayağınıza göre alın,3,ayakkabı
HBCV00002IK55R,283,Güzel atakkabı,3,ayakkabı
HBCV00002IK55R,284,Orta,3,ayakkabı
HBCV00002IK55R,285,"Selamın aleyküm;
Siyah sipariş ettiğim ürün Kahverengi siyah geldi vede üst kısmı çok önde .",1,ayakkabı
HBCV00002IK55R,286,Ürünün iç tabanlık kısmı kalitesiz ve bundan dolayı ayak rahat etmiyor.,3,ayakkabı
HBCV00002IK55R,287,"Resimdeki urun gelmedi,satici ciddi degil, insanlari yanıltmayin..siyah istedik kahve siyah geldi, bence 100 tl daha verin kaliteli alın..",2,ayakkabı
HBCV00002IK55R,288,Görsel olarak iyi ama hakiki deri hissiyatı vermiyor sanki,4,ayakkabı
HBCV00002IK55R,289,Güzel,4,ayakkabı
HBCV00002IK55R,290,İyi ürun,5,ayakkabı
HBCV00002IK55R,291,Guzel urun,5,ayakkabı
HBCV00002IK55R,292,F/p tam bir,5,ayakkabı
HBCV00002IK55R,293,Güzel ürün tşkr.,5,ayakkabı
HBCV00002IK55R,294,Süper,5,ayakkabı
HBCV00002IK55R,295,Güzel,5,ayakkabı
HBCV00002IK55R,296,Fiyatına göre çok iyi bu fiyata deri bu kadar olur,4,ayakkabı
HBCV00002IK55R,297,Ayakkabı fiyatına göre iyi ama kalıpları büyük basilmis,4,ayakkabı
HBCV00002IK55R,298,İç taban ve bağcıklar hariç iyi ürün..,4,ayakkabı
HBCV00002IK55R,299,Beğendim,4,ayakkabı
HBCV00002IK55R,300,Güzel,5,ayakkabı
HBCV00002IK55R,301,Gayet güzel,5,ayakkabı
HBCV00002IK55R,302,Henüz kullanmadım iyi görünüyor.,4,ayakkabı
HBCV00002IK55R,303,"Dışarı çıkıp giyince gün ışığında farkettim. Sağ taraf ayakkabı komple siyah, sol taraf ayakkabının ise bir parçası gri. Giydiğim için iade de edemedim.",1,ayakkabı
HBCV00002IK55R,304,Teslim edildiği hafta üst dikişleri söküldü. Ayrıca tabanı hiç uygun değil. Tek kelime ile REZALET,1,ayakkabı
HBCV00002IK55R,305,Ayakkabı güzel ama ayakkabı içindeki astar eksik yarım numara büyük gibi geliyor çözümü ise 20-30 liraya güzel bir tabanlık alıp o şekilde giymek....,3,ayakkabı
HBCV00002IK55R,306,İçinde yırtıklar ve açıklar vardk ayakkabının geldiginde açık konuşmak gerekirse tavsiye etmem biraz özensiz işçilik,3,ayakkabı
HBCV00002IK55R,307,Kalitesini beğenmedim iade ettim,1,ayakkabı
HBCV00002IK55R,308,"Fiyata göre iyi şık ve modern duruyor. hızlı ve düzgün paketlenmiş olarak geldi. Yapıştırıcı, dikiş ipleri ve taban biraz rahatsız etti. Hızlı teslimat ve paketleme için satıcıya teşekkürler.",3,ayakkabı
HBCV00002IK55R,309,"Deri denmiş ama Deri falan değil baya naylon,ayak sağlığına özen gösterenler için yanlış seçim,iade ettim almayı düşünenler birdaha düşünsün",1,ayakkabı
HBCV00002IK55R,310,Aşırı kalitesiz bir hissiyatı var. Ayaktada güzel durmadı. İade ettim.,1,ayakkabı
HBCV00002IK55R,311,Ayakkabı gorseldeki gibi fakat kesinlikle en az 2 numara büyük 45 numara ölçüsünde ayakkabı geldi. Kalite orta iyi arasında beden kotu,3,ayakkabı
HBCV00002IK55R,312,ayakkabinin ayak topuk kismindaki pedler kaymis durumdaydi ciddi anlamda rahatsiz ediciydi.,2,ayakkabı
HBCV00002IK55R,313,Kaliteli bişey değil iç astarı karton gibi insan astarını biraz estetik yapar,2,ayakkabı
HBCV00002IK55R,314,Ürünü beğenmedik,2,ayakkabı
HBCV00002IK55R,315,Görüntü İdare eder. fakat sağlamlık olarak birkaç ay dayanmaz gibi görünüyor. Dikişleri ve yapıştırılan kısımları çok özensiz yapılmış.,3,ayakkabı
HBCV00002IK55R,316,İçine konan malzeme çok kötü geldi baştan savma yapılmış.,3,ayakkabı
HBCV00002IK55R,317,gelen numara yanlış ilan resmindeki ürün ile gelen farklı kesinlikle deri değil Fatura Gelmedi,1,ayakkabı
HBCV00002IK55R,318,"Kalıbı büyük. Rengi siyah deniliyor ama koyu yeşil gibi. Görsellerdeki ""D"" işli değil.",3,ayakkabı
HBCV00002IK55R,319,Cok guzel yalnız kalıbı çok geniş bi ayakkabi ona göre sipariş verin,3,ayakkabı
HBCV00002IK55R,320,Ayakkabı dışından bakınca fena değil fakat içine baktığımda yıkıldım.Astarın yarısı yok üç kuruş kar edeceğiz diye yarım astar koymak nedir ya.içindeki ipleri bile kesmemişler.Bu kadar küçük detaylardan kaçmak çok üzücü…,1,ayakkabı
HBCV00002IK55R,321,Rahat ama deri değil,3,ayakkabı
HBCV00002IK55R,322,Ürün defolu geldi. Hiç beğenmedim. Aldigima pişman oldum. Kesinlikle tavsiye etmiyorum.,1,ayakkabı
HBCV00002IK55R,323,Biraz daha verip daha iyi bişey mantıklı ayakta kalitesiz duruyo,3,ayakkabı
HBCV00002IK55R,324,40 numara istemiştim. Evet 40 numara geldi ama 43 numara ayakkabı giyen birine hediye etmek zorunda kaldım. Kalıbı çook büyük.,1,ayakkabı
HBCV00002IK55R,325,Ürün geldi fakat iç işçiliği güzel değil biraz  büyük,3,ayakkabı
HBCV00002IK55R,326,Urun hatalı geldi iade etmek zorunda kaldım,1,ayakkabı
HBCV00002IK55R,327,Ürün kahverengi dediler siyah geldi deri dediler şunu yapay deri geldi dandik fotografla alakası olmayan bir ürün,1,ayakkabı
HBCV00002IK55R,328,Rahat parasına göre çok iyi..,3,ayakkabı
HBCV00002IK55R,329,berbat sanki giyinilmiş ve yeniden elden geçirilmiş gibi.,1,ayakkabı
HBCV00002IK55R,330,"Basit ,taban çok ince.degmez bu fiyata",2,ayakkabı
HBCV00002IK55R,331,Arka kısmı geniş.,3,ayakkabı
HBCV00002IK55R,332,Tabanı  berbat kokuyor  hurda plastik ten yapılmış galiba,1,ayakkabı
HBCV00002IK55R,333,Ayakkabıyı ilk giydiğim gün dopuk kısmı açıldı bu kadar kalitesiz olamaz,1,ayakkabı
HBCV00002IK55R,334,Ayakkabı içindeki keçe yarım ve ayaklarım simsiyah boya oldu bu nasıl bir işçilik,1,ayakkabı
HBCV00002IK55R,335,Ayakkabi guzel fiyatida uygun ancak rengi farkli geldi,3,ayakkabı
HBCV00002IK55R,336,fiyatina göre idare eder.,3,ayakkabı
HBCV00002IK55R,337,Tabanda keçe yok boşuna almayın memnun kalmazsınız alakası yok görüntüde olanla,1,ayakkabı
HBCV00002IK55R,338,Kalitesi cok dusuk orj deri degil .,1,ayakkabı
HBCV00002IK55R,339,1 kere giydim,1,ayakkabı
HBCV00002IK55R,340,"Ben beğenmedim,",1,ayakkabı
HBCV00002IK55R,341,"Burnundan açılma yaptı, tabanı hiç rahat değil",1,ayakkabı
HBCV00002IK55R,342,Hakiki deri değil yaniltmaca var,1,ayakkabı
HBCV00002IK55R,343,İstediğimiz ürün gelmedi 😔😔😔,1,ayakkabı
HBCV00002IK55R,344,Kalitesiz ürün,1,ayakkabı
HBCV00002IK55R,345,Yanlış ürün geldi istediğimiz gelme,3,ayakkabı
HBCV00002IK55R,346,Tabanı çok hassas yerdeki Herbie taşı hissedebiliyorsunuz,3,ayakkabı
HBCV00002IK55R,347,"Islak mendille tozunu alayım diye sildim, mendil simsiyah oldu. Söyleyeceklerim bu kadar.",1,ayakkabı
HBCV00002IK55R,348,Ürün fiyata göre çok iyi,2,ayakkabı
HBCV00002IK55R,349,çok ağır,2,ayakkabı
HBCV00002IK55R,350,Kalıbı çabuk bozuldu,2,ayakkabı
HBCV00002IK55R,351,Ürün deri değil bilfinize,1,ayakkabı
HBCV00002IK55R,352,Ürün deri değil suni deri,1,ayakkabı
HBCV00002IK55R,353,Böyle kotu bir ürün hayatımda gormedim.,1,ayakkabı
HBCV00002IK55R,354,İdare eder.,3,ayakkabı
HBCV00002IK55R,355,Hiç beğenmedım,1,ayakkabı
HBCV00002IK55R,356,Fiyatına göre makul olabilir ancak resimdekiyle alakası yok,1,ayakkabı
HBCV00002IK55R,357,Berbat bi ürün.resimde göründüğü gibi değil.,1,ayakkabı
HBCV00002IK55R,358,Ucuz fiyat fakat kaliteli değil.. bu rakama bu kadar olur,1,ayakkabı
HBCV00002IK55R,359,Resimle uzaktan yakından alakası yok çok kalitesiz,1,ayakkabı
HBV00000TWIIZ,1,Cok kulanışlı ve guzel,4,ayakkabı
HBV00000TWIIZ,2,Ürün görseldeki gibi geldi. Stokta bir numara büyüğü yoktu. Tam numaramı aldım. İlk gün doğal olarak dar gibi geldi ama ikinci günden itibaren ayağın kalıbına uyum sağladı. Beğendim kısacası,5,ayakkabı
HBV00000TWIIZ,3,fiyat performans ürünü Tam beden aliniz,5,ayakkabı
HBV00000TWIIZ,4,Ürün gayet güzel kaliteli,5,ayakkabı
HBV00000TWIIZ,5,Tam fiyat performans ürünü Tam beden aliniz,5,ayakkabı
HBV00000TWIIZ,6,Ufak tefek sorunlar olsa da ayağıma yakıştı ne yalan söyleyeyim,4,ayakkabı
HBV00000TWIIZ,7,Tam bir fiyat performans ürünü bu ucuzluk bu kalite,5,ayakkabı
HBV00000TWIIZ,8,Fiyat performans ürünü,3,ayakkabı
HBV00000TWIIZ,9,Güzel bir ürün,5,ayakkabı
HBV00000TWIIZ,10,Ürün güzel ancqk o kadar kaliteli değil,4,ayakkabı
HBV00000TWIIZ,11,"Ürün görselde göründüğü gibi 42 numara giyen biri olarak kendi numaramı sipariş ettim ve tam oldu, esneme payını da düşünecek olursak iyi bir sonuç. Tek eksiği tasarımsal sadeliği ayakkabının onun dışında gönül rahatlığı ile giyebilirsiniz.",4,ayakkabı
HBV00000TWIIZ,12,Güzel ama biraz sert ayaklarını acıtıyor,5,ayakkabı
HBV00000TWIIZ,13,Fiyatına göre iyi bir ürün yorumlarda bir beden büyük alınması söylenmiş kırk giyordum kırk bir aldım daha rahat hissettirdi.  Görünüş açısından 10/8 fiyatını her türlü karşılar üründe oluşabilecek olumsuz bir durumda yorumumu güncelleyeceğim .,4,ayakkabı
HBV00000TWIIZ,14,Kalitesi düşük ama idare eder yazın giyilir,3,ayakkabı
HBV00000TWIIZ,15,Tabanı taştan bile sert ve 2-3 ay içerisinde ön kısmı ikiye yarıldı tavsiye etmiyorum,1,ayakkabı
HBV00000TWIIZ,16,Beş para etmez kesinlikle almayın,1,ayakkabı
HBV00000TWIIZ,17,Ürün kağıt gibi bir kere giydim ayağım ufak bir kaldırıma çarptı ayakkabı yırtıldı,1,ayakkabı
HBV00000TWIIZ,18,Sipariş verdiğim ürün değil benzeri gönderildi,1,ayakkabı
HBV00000TWIIZ,19,"Aldığım ürünleri hayır olsun,biri giysin diye hediye ettim. Çok dar kalıp. Memnun kalmadım.",1,ayakkabı
HBV00000TWIIZ,20,"Ayakkabılar aşırı rahat, topuk boyu gayet ideal ve çok şık. Tam numaram oldu. Ayrıca satıcıya ilgisinden dolayı çok teşekkür ederim. İlk alışverişim değildi son da olmayacak favori markam belli artık.",5,ayakkabı
HBV00000TWIIZ,21,Günlük için ideal koşu ayakkabıları. Rahat ve kullanışlı tavsiye ederim.,5,ayakkabı
HBV00000TWIIZ,22,Ayakkabı çok tatlı duruyor 38 numara aldığım halde çok küçük duruyor dışarıdan ancak kalıbı da dar o yüzden bir numara büyük alınabilir bence. Çok kaliteli bir şey beklemeyin yine de,4,ayakkabı
HBV00000TWIIZ,23,Biraz sert ama görüntüsü çok güzel ve bir numara büyük alınmalı! ondan dolayı da rahat gelmedi.,4,ayakkabı
HBV00000TWIIZ,24,Çok güzel,5,ayakkabı
HBV00000TWIIZ,25,Tam olarak fotoğrafta göründüğü gibi kaliteli.,5,ayakkabı
HBV00000TWIIZ,26,Hiçbir işe yaramaz sanki karton gibi,1,ayakkabı
HBV00000TWIIZ,27,"5 kuruş etmez  ön kısımları aç konfor 0  topuğu kemiğe vuruyor , tamam ucuz ama böylede çöp olmaz. Siyah istedim beyaz gelmiş",1,ayakkabı
HBV00000TWIIZ,28,"Aldığım ürünü hediye ettim,çünkü çok dar. Alırken ona göre alın.",1,ayakkabı
HBV00000TWIIZ,29,"defolu ürün gönderiliyor, kutusu parçalanmıştı.. yapistirma yerleri lekeli, taban kisimlarinda cizimler mevcut.  tavsiye etmiyorum",1,ayakkabı
HBV00000TWIIZ,30,Fiyatına göre çok iyi tavsiye ederim.,5,ayakkabı
HBV00000TWIIZ,31,Kutusu direk yırtık geldi üründe durumdan payına düşeni almış ama fp,2,ayakkabı
HBV00000TWIIZ,32,Ürün beklediğim gibi geldi teşekkür ederim. Gayet hesaplı bir ürün tavsiye ederim. Rahat günlük kullanım için ideal.,5,ayakkabı
HBV00000TWIIZ,33,Hafif şık ve rahat bir ayakkabı.,5,ayakkabı
HBV00000TWIIZ,34,Ürünü şipariş verdim kargo felan gayet hızlı güzel ama siyah beyaz sneaker dan sipariş oluşturdum düz beyaz göndermişsiniz değişim talebi oluşturdum onuda kabul etmedi site neden insanları magdur ediyorsunuz ki iadeyle felan uğraşıyoruz,4,ayakkabı
HBV00000TWIIZ,35,Ürünün kalıbı küçük nnmara uygun olmadıgından değişim talep ettim . Ama fiyatına göre ayakkabı güzel.,4,ayakkabı
HBV00000TWIIZ,36,Fiyatına göre baya güzel tavsiye ederim.,5,ayakkabı
HBV00000TWIIZ,37,Rahat kullanışlı gayet güzel bir ürün. Çok güzel tam beklediğim gibi çıktı. Ayakkabı aşırı hafif ve çok rahat.,5,ayakkabı
HBV00000TWIIZ,38,Çok güzel tam beklediğim gibi çıktı.,5,ayakkabı
HBV00000TWIIZ,39,Hiç düşünmeden alın çok rahat.,5,ayakkabı
HBV00000TWIIZ,40,İkiside ayni renk geldi beyaz sipariş verdim aynısı geldi güzel tavsiye ederim,5,ayakkabı
HBV00000TWIIZ,41,Resimdeki gibi kalite düşük çok bşy beklemeyin uygun fiyata uygun ayakkabı giyilir idareten ama dediğim gibi çok beklentiye girmeyin,3,ayakkabı
HBV00000TWIIZ,42,Rahat günlük kullanım için ideal ama bir numara büyük alınmasını tavsiye ederim,4,ayakkabı
HBV00000TWIIZ,43,1 alana 1 bedava dediniz ürünüm 2.gelmedi neden,5,ayakkabı
HBV00000TWIIZ,44,Gayet hesaplı ve kaliteli bir ayakkabı.,4,ayakkabı
HBV00000TWIIZ,45,Tabanı çok sert tabanı bir ay içinde delindi iç astarı kağıt gibi hemen parçalandı tavsiye etmiyorum,1,ayakkabı
HBV00000TWIIZ,46,Ürünü alacaklara önerim ayakkabı çok terletiyor ayakları ve malzeme kalitesi olarak da çok ince çok uzun dayanacağıni zannetmiyorum. Belki bir ay ancak,1,ayakkabı
HBV00000TWIIZ,47,Siyah Gönderdiğiniz ürün 42 numara siyah olması gerekirken Ayıran zat 41numarayi koymuş. 42 nollu Ayakkabı  gönder. Bana 41 i iade etmeliyim,1,ayakkabı
HBV00000TWIIZ,48,Ürün kenarlari yapıştırma tabanı rahat .yanlız yanlis ürün yollamislae ben siyah beyaz istemisdim düz beyaz yollamışlar .,3,ayakkabı
HBV00000TWIIZ,49,Eşim için aldım. Fotoğrafta çok beğenmemiştim ama canlı daha iyi duruyor. Ve sevindiren yanı indirimdeyken yakaladım.,4,ayakkabı
HBV00000TWIIZ,50,Rahat kullanışlı gayet güzel bir ürün. Rahat günlük kullanım için ideal. Kumaşı sayesinde çok iyi hava alıyor ve hiç terletmiyor,5,ayakkabı
HBV00000TWIIZ,51,Paketleme çok kötü..Bu kadar özensiz bir paketleme görmedim.Bir numara büyük almanızı tavsiye ederim.38 numara giymeme rağmen küçük oldu.o yüzden.iade ediyorum,2,ayakkabı
HBV00000TWIIZ,52,Ürün sert bişey plastik bile denilemez. Yürürken topuklu ayakkabı giymiş gibi tak tuk yürüyorsun. Ayağını seven almasın.,2,ayakkabı
HBV00000TWIIZ,53,37 bucuk giyiyorum 38 aldim tam oldu harika markalara okadarpara vermeye asla gerek yok,5,ayakkabı
HBV00000TWIIZ,54,Hiç düşünmeden alın çok kaliteli. Gayet hesaplı ve kaliteli bir ayakkabı. Çok rahat sağlam ve şık.,5,ayakkabı
HBV00000TWIIZ,55,Gönderdiğiniz ayakkabıya tek parça bağacık koyarsanız giyemeyiz Kanka onu aklınızda bulunsun şimdi birde onu almaya mı uğraşalım yani herkes işini düzgün yapmalı diye yorumladım,1,ayakkabı
HBV00000TWIIZ,56,Ürün fiyat performans ancak paketleme çok kötü kutu yırtık pırtık geldi,3,ayakkabı
HBV00000TWIIZ,57,Çok net söylüyorum ki sakın almayın çünkü esneme payı yok 2 ay idare ederi sonra yırtılıyor iz yerinden,1,ayakkabı
HBV00000TWIIZ,58,Tam bir fiyat performans ürünü.,3,ayakkabı
HBV00000TWIIZ,59,Fiyatına göre baya güzel tavsiye ederim.,3,ayakkabı
HBV00000TWIIZ,60,Rahatsız bir ayakkabı ayakları ağrıtıyor,3,ayakkabı
HBV00000TWIIZ,61,kalite yerlerde,1,ayakkabı
HBV00000TWIIZ,62,Malzeme kalitesi iyi tavsiye ederim. Fotoğraflarda ki gibi gayet güzel. Hafif şık ve rahat bir ayakkabı. Çok rahat sağlam ve şık. Yürüyüş için çok iyi bir ayakkabı. Rengi çok hoş ve rahat tavsiye ederim.,5,ayakkabı
HBV00000TWIIZ,63,Bir giyimlik,3,ayakkabı
HBV00000TWIIZ,64,"Güzel bu fiayat 10 numara
3 aydır işte kullaniyor günde 28nin adım atıyorum hala sağlam",5,ayakkabı
HBV00000TWIIZ,65,Sağ normal sol vuruyo arkası sıkıntılı,3,ayakkabı
HBV00000TWIIZ,66,İki numara küçük 36 giyiyorum 37 istedim 35 resmen paranıza yazık,1,ayakkabı
HBV00000TWIIZ,67,Hepsi buradaya yakışmayan ürün portföyü beklediğim gibi gelmedi,1,ayakkabı
HBV00000TWIIZ,68,Çöp giymiyom duruyo oylece,3,ayakkabı
HBV00000TWIIZ,69,Tvde görüp saatlik indirimden aldım. Ayakkabı güzel bembeyaz ayağı çok kibar gösteriyor. Ufak tefek yapıştırma hataları var ama onları da görmeyin artık bu fiyata ayakkabı yok.,5,ayakkabı
HBV00000TWIIZ,70,"İlk defa bildiğim markalar dışında bir ayakkabı denemek istedim ama
Ne yazık ki hüsran. Kalıbı dar diye işaretledim ama kalıp yok yani böyle bir ayak yok yer yüzünde. Çok ağır bir plastik kokusu var ve ayakkabının deliklerini açmamışlar bile. Bir numara büyük alıp belki köse başı apachi oturuşu yapmak için uygun olabilir 🤔 ben 44 aldım numaramı ama 45 seçeneği zaten yoktu.",2,ayakkabı
HBV00000TWIIZ,71,Çok rahat sağlam ve şık. Tam bir fiyat performans ürünü. Çok memnunum rahat ve şık bir ayakkabı. Hiç düşünmeden alın çok rahat.,5,ayakkabı
HBV00000TWIIZ,72,Ürünü ben iade etmedim ürün ü iade ettiler ben bir numara büyüğünü istemiştim değişim için gönderdim ama şaşırdım parayı iade ettiler neden teşekkür ederim,5,ayakkabı
HBV00000TWIIZ,73,Yürüyüş için çok iyi bir ayakkabı.,4,ayakkabı
HBV00000TWIIZ,74,Hüsran ve iade ne yazık ki,2,ayakkabı
HBV00000TWIIZ,75,"İlk giyişinizde iyi ki almışım diyorsunuz ama giydikçe vurdukça sertliğini hissetmeye de başlıyorsunuz. Kullanılır mı evet bu paraya bu kaliteyle bir sezonu çıkarmaya rahat yeter. Arada kısa süreli işleriniz için sağa sola gidip gelmeye işinizi görür ama gün boyu ayakta tutmaya gelmez. Bu fiyata ayakkabı kalmadığını düşünürsek, en ucuza ne alsam da üç beş ay işimi görsün derseniz alın. Ben ikinci ayakkabım olsun diye aldım bunu. Taban kalınlığı bakımından topuk kısmı gayet ideal, ama ön kısım ince. Amacına göre gündelik kısa süreli işlerinizi görmek için git gellerde kullanacaksanız bu fiyata gönül rahatlığıyla alınır, ama başta da dediğim gibi gün boyu ayaktaysanız pek öneremeyeceğim.",3,ayakkabı
HBV00000TWIIZ,76,Çok güzel tam beklediğim gibi çıktı. Hiç düşünmeden alın çok kaliteli. Rahat kullanışlı gayet güzel bir ürün. Hemde iki tane aldimm,5,ayakkabı
HBV00000TWIIZ,77,Alt tabanı sert ama fiyat performans olarak iyi,3,ayakkabı
HBV00000TWIIZ,78,Kalite yok taban plastik ayak ağrıtıyor,1,ayakkabı
HBV00000TWIIZ,79,Bağcıksız gönderildi.,1,ayakkabı
HBV00000TWIIZ,80,"Defolu geldi, sol tarafı iyi yapışmamış",5,ayakkabı
HBV00000TWIIZ,81,Ürün çok kalitesiz daha 1 ay bile olmadı kenarı patladı bir daha bu sayfadan alış veriş yapmam,1,ayakkabı
HBV00000TWIIZ,82,Tam olarak fotoğrafta göründüğü gibi,3,ayakkabı
HBV00000TWIIZ,83,idare eder,3,ayakkabı
HBV00000TWIIZ,84,Rahat değil ve içi çok sıcak bir ayakkabı,3,ayakkabı
HBV00000TWIIZ,85,Asla rahat bir ayakkabı değil tabanı çok ince üstüne biraz daha ekleyip rahat bir ayakkabı alınabilir,1,ayakkabı
HBV00000TWIIZ,86,Ürün resimdekilerin aynısı normalde 42 giyerim ama yorumlara bakarak 43 sipariş verdim bu ayakkabiya göre 42.5 gibi bir numara olsaymış tam olacakmış ama çok büyük gelmedi giyilebilir. Sade ve şık ama uzun soluklu dayanacagini sanmiyorum. Fiyatinin ayakkabısı tercih edilebilir.,4,ayakkabı
HBV00000TWIIZ,87,Ekonomik gösterişli ve kullanışlı güzel ürün,5,ayakkabı
HBV00000TWIIZ,88,Çok güzel tam beklediğim gibi çıktı.,5,ayakkabı
HBV00000TWIIZ,89,Çok hafif ve rahat tam kalıp.emeklerinize sağlık.2 ürün aldım sizden ve indirim uygulandı.tekrar sipariş vericem.basarilar bol kazanclar.bu fiyatlar inanılmaz ve ürünleriniz kaliteli,5,ayakkabı
HBV00000TWIIZ,90,Rahat günlük kullanım için ideal. Şık rahat ve kullanışlı bir ayakkabı.,5,ayakkabı
HBV00000TWIIZ,91,Ürünün tabanı kalın ve kaliteli tavsiye ederim.,5,ayakkabı
HBV00000TWIIZ,92,"F p çok iyi tavsiye ederim., Ürünün tabanı kalın ve kaliteli tavsiye ederim., Rengi çok hoş ve rahat tavsiye ederim., Rahat günlük kullanım için ideal., Rahat ve kullanışlı bir ürün teşekkürler.",5,ayakkabı
HBV00000TWIIZ,93,Çok güzel tam beklediğim gibi çıktı.,5,ayakkabı
HBV00000TWIIZ,94,Gayet hesaplı ve kaliteli bir ayakkabı.,5,ayakkabı
HBV00000TWIIZ,95,Rahat günlük kullanım için ideal. Ürün güzel hafif ve kaliteli tavsiye ederim.,5,ayakkabı
HBV00000TWIIZ,96,Rahat günlük kullanım için ideal.,5,ayakkabı
HBV00000TWIIZ,97,Berbat. Çok düşük fiyatta aldım kasım indirimlerin den iade ile uğraşmak istemedim hiç rahat değil kenarı hafif sararmış şekilde geldi. Önermiyorum kesinlikle,2,ayakkabı
HBV00000TWIIZ,98,Rahat kullanışlı gayet güzel bir ürün.,5,ayakkabı
HBV00000TWIIZ,99,Çok şık,5,ayakkabı
HBV00000TWIIZ,100,Çok beklentiye girmedim bu fiyata bu pahalılıkta güzel,5,ayakkabı
HBV00000TWIIZ,101,Tabanı sert içi kalitesiz,1,ayakkabı
HBV00000TWIIZ,102,Çok kotü,1,ayakkabı
HBV00000TWIIZ,103,"Tabanı sert 
İçi kalitesiz",1,ayakkabı
HBV00000TWIIZ,104,Ayakkabı numarası küçük,1,ayakkabı
HBV00000TWIIZ,105,Geçen senede almıştım hoşuma gitmişti tekrar sipariş verdim ama aynı kalıtede değil biraz farklı olmuş,2,ayakkabı
HBV00000TWIIZ,106,Malzeme kalitesi iyi tavsiye ederim.,5,ayakkabı
HBV00000TWIIZ,107,Hafif şık ve rahat bir ayakkabı.,5,ayakkabı
HBV00000TWIIZ,108,Fiyati cok iyi,5,ayakkabı
HBV00000TWIIZ,109,Yıldızın birini paketlemeden kırdım çünkü bununla birlikte bir tane de sandalet almıştım ikisini aynı kutunun içine koymuşlardı kargoda biraz hırpalanmıştı ayakkabı.Ama genel anlamda ayakkabı tam beden ve fiyat performans ürünü bu fiyata alınabilecek en iyi ayakkabı diyebilirim,4,ayakkabı
HBV00000TWIIZ,110,Günlük hayatta rahatlıkla giyile bilir kullanışlı ve fiyatı çok uygun,5,ayakkabı
HBV00000TWIIZ,111,"Çok güzel tam beklediğim gibi çıktı., Fotoğraflarda ki gibi gayet güzel.",5,ayakkabı
HBV00000TWIIZ,112,Çok güzel tam beklediğim gibi çıktı.,5,ayakkabı
HBV00000TWIIZ,113,Ürün cok güzel sağlam ve şık. Tek sorun kalıbı bana biraz dar geldi. Bir numara büyük almak daha doğru olurmuş.,5,ayakkabı
HBV00000TWIIZ,114,Yanlış numara göndermeseydiler iyiydi,4,ayakkabı
HBV00000TWIIZ,115,Rahat değıl,1,ayakkabı
HBV00000TWIIZ,116,Ürün geldi 35 numara istedik ama sanki 32 numara kalbi var dı  küçük oldu,3,ayakkabı
HBV00000TWIIZ,117,Kalitesi çok kötüydü. Aylar sonra yirtilmalar basladi tavsiye etmem,1,ayakkabı
HBV00000TWIIZ,118,Spor için çok güzel bir ayakkabı teşekkür ederim,4,ayakkabı
HBV00000TWIIZ,119,Satıcıya teşekkürler. Ürün hızlıca geldi ve parasına göre kaliteli,5,ayakkabı
HBV00000TWIIZ,120,Ürün parasına göre kaliteli,5,ayakkabı
HBV00000TWIIZ,121,"Kullanışlı, rahat, spor, herbakımdan güzel, insallah dayanıklıdır, o zaman süper olacak.",5,ayakkabı
HBV00000TWIIZ,122,"Ürün 2 gün içinde elime ulaştı çok güzel şık 
1 beden büyük almanızı tavsiye ediyorum 👍👍👍",5,ayakkabı
HBV00000TWIIZ,123,Bu fiyata bu ürün çok iyi,5,ayakkabı
HBV00000TWIIZ,124,F p çok iyi tavsiye ederim.,4,ayakkabı
HBV00000TWIIZ,125,Rahat günlük kullanım için ideal.,5,ayakkabı
HBV00000TWIIZ,126,F p çok iyi tavsiye ederim.,4,ayakkabı
HBV00000TWIIZ,127,Rahat kullanışlı gayet güzel bir ürün.,5,ayakkabı
HBV00000TWIIZ,128,Yorumum üstte çıksın diye 5 yıldız verdim kalitesiz bir ürün ilk giyildiğinde bile anında çatlıyor üzülerek iade edicem malesef,5,ayakkabı
HBV00000TWIIZ,129,"Gerçek deri değil, 
Üst deri ve alt taban, kundura gibi ses çıkartıyor yürürken,
Hava almadığı için koku yapıyor,
9 kez giydikten sonra yanlardan patlıyor,

UZAK DUR!",1,ayakkabı
HBV00000TWIIZ,130,Gayet hesaplı ve kaliteli bir ayakkabı.sadece hızlı eskiyor oda kırıldığı için fiyat p ürünü,3,ayakkabı
HBV00000TWIIZ,131,UZAK DUR! Alt kalıbı kaya gibi. Topuklu kundura gibi ses çıkartıyor. Normalde yumusak olması lazım. Yanlardan patlama ve açılma yaptı. Kalitesiz ve sahte deri olduğu için de hava almıyor. Koku yapıyor.,1,ayakkabı
HBV00000TWIIZ,132,Rahat günlük kullanım için ideal.,3,ayakkabı
HBV00000TWIIZ,133,Fiyatına göre güzel bir ürün kibar bir duruşu var,5,ayakkabı
HBV00000TWIIZ,134,Urun kısa zamanda geldi teşekkürler,5,ayakkabı
HBV00000TWIIZ,135,Muhteşem ötesi bir şey. Kesinlikle alın. Kalıbı tam. Aşırı rahat. Gün içinde çok ayakta kalan biriyseniz tam size göre. O kadar kibar ve narin duruyor ki çok beğeneceksiniz.,5,ayakkabı
HBV00000TWIIZ,136,Çok uzun süre giyince terleme çok yapıyor,5,ayakkabı
HBV00000TWIIZ,137,Çok güzel tam beklediğim gibi çıktı.,4,ayakkabı
HBV00000TWIIZ,138,Tabanı biraz sert geldi bana. Ama tasarım olarak şık ve iş görür.,4,ayakkabı
HBV00000TWIIZ,139,Fiyatına göre güzel,5,ayakkabı
HBV00000TWIIZ,140,Fiyatına göre güzel,5,ayakkabı
HBV00000TWIIZ,141,"Kütük gibi ayakkabı hiç rahat değil. Bu fiyata anca bu kadar olur çok birşey beklemeyin,bir beden büyük alın.",5,ayakkabı
HBV00000TWIIZ,142,Orta kalite,4,ayakkabı
HBV00000TWIIZ,143,"Ürünü 2. kez alışım. Rahat, kaliteli ve uygun. Teşekkürler.",5,ayakkabı
HBV00000TWIIZ,144,ayakkabı güzel begendim,5,ayakkabı
HBV00000TWIIZ,145,"Gerçekten muazzam güvenilir bir kişi ilk defa internetten siparişim burdakiyle aynı geldi helal olsun elinize sağlık,🤗🤗",5,ayakkabı
HBV00000TWIIZ,146,Tam olarak fotoğrafta göründüğü gibi,4,ayakkabı
HBV00000TWIIZ,147,Muggo’dan aldığım 4.ürün. Diğer 3 ü şahane hiç şikayetim yok. Fakat bu ürün pek kaliteli değil. Yan tarafı iyi yapıştırılmamış. 42 giyiyorum parmaklarımı sıktı. Görünüş olarak çok basit görünüyor. Geri iade etmeyeceğim ama sanırım sadece ekmek almaya giderken giyeceğim.,1,ayakkabı
HBV00000TWIIZ,148,Fiyat iyi eywallah ama bir 6 ay sonra üzerindeki deri olmayan laylon benzeri şey yirtiliyor. Eğer 6 ay giyeceğim diyor iseniz alabilirsiniz.,1,ayakkabı
HBV00000TWIIZ,149,Berbat poşet gibi şambirelden farkı yok ....,3,ayakkabı
HBV00000TWIIZ,150,Ürün güzel ve rahat ama yürürken taban kısmı çok ses çıkartıyor,3,ayakkabı
HBV00000TWIIZ,151,"Çok dar, 40 numara giyiyorum ama 41 aldığım halde yine dar geldi burun kısmı çok dar, kalitesi normal, iç kısmı çok rahat değil",1,ayakkabı
HBV00000TWIIZ,152,Bu markanın ayakkabısını daha önce bir kaç kullandım. Gayet rahat oluyorlardı. Ama bu kalıp çok rahatsız edici. Yürüyüş için uygun değil. Bir kaç saatlik kullanım için uygun. Tüm gün ayağınızda kalırsa ben koku yapar hem de ayağınızı vurur. İade ile uğraşmamak için dursun ayakkabılıkta 🙄,2,ayakkabı
HBV00000TWIIZ,153,Fiyat uygun kargo hızlı ürün güzel,5,ayakkabı
HBV00000TWIIZ,154,Güzel ürün geç geldi ama değdi,5,ayakkabı
HBV00000TWIIZ,155,Ürün göründüğü gibi ve çok hızlı teslimat oldu teşekkürler,5,ayakkabı
HBV00000TWIIZ,156,Hızlı teslimat için teşekkür ederim,5,ayakkabı
HBV00000TWIIZ,157,Fiyatına göre gayet başarılı.,5,ayakkabı
HBV00000TWIIZ,158,Elimize defolu ulaştı fakat fark etmeden dışarda giydimiz için iade etmedik,3,ayakkabı
HBV00000TWIIZ,159,Ürün çok guzel,5,ayakkabı
HBV00000TWIIZ,160,Ayakkabi fiyatina guzel guzel kizim icin aldim teşekkürler,5,ayakkabı
HBV00000TWIIZ,161,Hızlı teslimat güzel ürün teşekkürler,5,ayakkabı
HBV00000TWIIZ,162,Şuan terlik fiyatına ayakkabı alın kombiniz için 8-10 defa giyin daha ne olsun,4,ayakkabı
HBV00000TWIIZ,163,"Fena değil, fiyatına göre iyi...
2 3 ay giyilebilir. Uzun ömürlü olacağını sanmıyorum. Zaten bu fiyata da daha fazlasını beklemek olmaz.",5,ayakkabı
HBV00000TWIIZ,164,Harika Teşekkür ederim.,5,ayakkabı
HBV00000TWIIZ,165,Ürün çok güzel ve kaliteli göründüğü gibi geliyor. Kargo çok hızlıydı.,5,ayakkabı
HBV00000TWIIZ,166,39 almıştım sepette 36 olmuştum geldi baktım çok küçük çocuğuma bile olmuyor...,1,ayakkabı
HBV00000TWIIZ,167,Ayakkabı birbiriyle aynı ama yamuk yspıştormışlar bu fiyata daha iyi kalite olması lazım,1,ayakkabı
HBV00000TWIIZ,168,"Güzel beğendik, göründüğü gibi geldi,kalıplar tam kendi numaranızı alabilirsiniz",5,ayakkabı
HBV00000TWIIZ,169,Bildiğiniz karton.iade ettim,1,ayakkabı
HBV00000TWIIZ,170,Tabanı nasır yaptı. Görünüşü güzel. Ama rahat değil. Bu fiyata çok bir beklentiniz olmasın,3,ayakkabı
HBV00000TWIIZ,171,Ürün güzel memnun kaldım alacak olanlara tavsiyem 1numara büyük almanız,5,ayakkabı
HBV00000TWIIZ,172,Ayakkabi kagit gibi ve açılma yaptı 2 gunde,1,ayakkabı
HBV00000TWIIZ,173,"Ürün gayet kalitesiz maksimum 3 ay giyilir, iade etmekle uğraşmak istemediğim iade etmedim",3,ayakkabı
HBV00000TWIIZ,174,Fiyat/performans ürünü gibi. Çokta kalite beklemeyin. Görünüm güzel.,3,ayakkabı
HBV00000TWIIZ,175,Begenmedim,1,ayakkabı
HBV00000TWIIZ,176,Kardeşime aldım 42 giyiyordu 43 azck büyük geldi ama 42 de küçük olurdu sanırım.. siyahı çok kötü yapışkan izleri belli oluyor. Beyazı normal derecede ztn bu fiyata bu kalite olur anca .,3,ayakkabı
HBV00000TWIIZ,177,Ayağınızın içine edilsim istiyorsanız alın,1,ayakkabı
HBV00000TWIIZ,178,"Dar kalıpta, olmadı rahatsız edecek iade de edemedim.",1,ayakkabı
HBV00000TWIIZ,179,Bu kadar kaliteli olacağını tahmin etmemiştim. Çok memnunum. Beden olarak tam numara aldım.,5,ayakkabı
HBV00000TWIIZ,180,"Eşime almıştım, beğenerek giyiyor.Pahalı markalardan pek bir farkı yok.Gayet kullanışlı.",5,ayakkabı
HBV00000TWIIZ,181,renk ve numara dogru geldi kullanmaya baslamadim abi kalitesi iyi fiyatina gore cok uygun,5,ayakkabı
HBV00000TWIIZ,182,Kampanyada iken aldım . Fiyatına göre çok güzel ve kaliteli. Kargo çok hızlı geldi.,5,ayakkabı
HBV00000TWIIZ,183,"Ürün görseldeki gibi, satıcı ürünün kargolama süresi hızlıydı biraz kalıp dar ayak numaranızın 1 numara büyüğünü alabilirsiniz.",4,ayakkabı
HBV00000TWIIZ,184,Valla. Parası ucuz ama. Giyilcek gibide degil hic beğenmedim,2,ayakkabı
HBV00000TWIIZ,185,Ürün elime geçti fiyatına göre çok iyi.. teşekkürler.,4,ayakkabı
HBV00000TWIIZ,186,Ürün güzel ama numaraya göre küçük Kalıp,4,ayakkabı
HBV00000TWIIZ,187,Çok güzel,5,ayakkabı
HBV00000TWIIZ,188,Çok büyük bir kalite beklemeyin. Sadece ayakkabı oldu. Giyim derseniz alın.,5,ayakkabı
HBV00000TWIIZ,189,Gayet güzel bir ayakkabı,4,ayakkabı
HBV00000TWIIZ,190,Bu kadar kaliteli olacağını tahmin etmemiştim. Çok memnunuz. Beden olarak tam numara aldım.,5,ayakkabı
HBV00000TWIIZ,191,Ürün defolu geldi.Önde soyulma var.Yapışkanları her taraftan çıkmış.öntarafı boyayıp giyicem.Sağlam olup olmadığı hakkında hiç bir fikrim yok.Deneyip görücez.Uğraşmak istemediğimden iade etmiyorum.Satıci daha dikkatli ve özenli olabilirdi.Sattım bitti mantığı çok yanlış.,2,ayakkabı
HBV00000TWIIZ,192,Fiyatına göre iyii,4,ayakkabı
HBV00000TWIIZ,193,Ürün çok rahat fiyatına göre çok iyi ben bir numara büyük aldım daha iyi oldu almak isteyen varsa hiç düşünmesin bence,5,ayakkabı
HBV00000TWIIZ,194,Fiyat performans,4,ayakkabı
HBV00000TWIIZ,195,Kargo hızlı geldi. fiyat performans ürünü ideal,4,ayakkabı
HBV00000TWIIZ,196,Ürün 10 numara bedava fiyata aldım ya herkese tavsiye ederim teşekkürler hepsiburada ve satıcıya.,5,ayakkabı
HBV00000TWIIZ,197,Bu fiyata bu kalite çok güzel. Aynı ayakkabının iki renginden aldım. Tavsiye ederim.,5,ayakkabı
HBV00000TWIIZ,198,Güzel,5,ayakkabı
HBV00000TWIIZ,199,Ürün çok guzel,4,ayakkabı
HBV00000TWIIZ,200,Bağcıkları orantısız delik eksik dikkatsiz satıcı iade etmek istiyorum yada bir bağcık yeri açacağım kötü urun,2,ayakkabı
HBV00000TWIIZ,201,2cift sipariş verdim biri siyah biri beyaz istediğim gibi gelmedi 2çiftte Beyaz geldi ve numaralar tekleme geldi paranızın çöp olmasını istemiyorsanız tavsiye etmem...,1,ayakkabı
HBV00000TWIIZ,202,Ben siyah olanını aldım kesinlikle almayın önü berbat hiç fotoğrafta durduğu gibi değil,1,ayakkabı
HBV00000TWIIZ,203,Çok kötü bir ayakkabı tabanı çok sert kullanışlı bir ürün değil almayın pişman olursunuz,1,ayakkabı
HBV00000TWIIZ,204,Çok kötü bı malzeme kullanılmis ayakkabı insanın ayaklarını yoruyo  her yerden vuruyor kalitesiz,1,ayakkabı
HBV00000TWIIZ,205,Her yeri açıldı berbat,1,ayakkabı
HBV00000TWIIZ,206,Ben siyah beyaz sipariş verdim ama bana gelen beyaz  ayakkabı sipariş takibi  yok sanırsam  firmada,1,ayakkabı
HBV00000TWIIZ,207,Ürün beklediğim gibi geldi teşekkür ederim.,3,ayakkabı
HBV00000TWIIZ,208,Çok dandik ayakkabi. 1 ayda yırtıldı. Paranızı boşa harcamayın buna.,1,ayakkabı
HBV00000TWIIZ,209,Birebir aynı ürün ama ben kendim gözle görmeden ayakkabı almam çünkü ben görselde beğendim ama giyemedim hoşuma gitmedi,3,ayakkabı
HBV00000TWIIZ,210,Orta kalite,3,ayakkabı
HBV00000TWIIZ,211,Siyah sipariş verdiğim ayakkabı beyaz gönderilmiş.,1,ayakkabı
HBV00000TWIIZ,212,Sadece 1gün giyebildim ayakkabıyı,1,ayakkabı
HBV00000TWIIZ,213,Yapışkanları bile belliydi. .. iadeyle uğraşamıcaz. Bu fiyata bu kalite işte,3,ayakkabı
HBV00000TWIIZ,214,1 numara büyük alınması gerekir fiyatına göre çok iyi bir ürün,5,ayakkabı
HBV00000TWIIZ,215,Çok kalitesiz aldığınız  paraya kesinlikle deymez ben aldım siz almayın paranızı  çöpe  atmayın,1,ayakkabı
HBV00000TWIIZ,216,Aynı ayakkabının farklı renklerinden 5 adet aldım çok memnunum,5,ayakkabı
HBV00000TWIIZ,217,Rahat ve güzel bir ayakkabı indirimdeyken aldım.,5,ayakkabı
HBV00000TWIIZ,218,Fiyat performans ürünü diyebiliceğim bir Ayakkabı,5,ayakkabı
HBV00000TWIIZ,219,Şık bir duruşu var fiyat ta çok uygundu.severel kullanıyorum gayet güzel,4,ayakkabı
HBV00000TWIIZ,220,Üç çift aldık çok güzeller,5,ayakkabı
HBV00000TWIIZ,221,İyi,4,ayakkabı
HBV00000TWIIZ,222,Fiyata göre iyi. Ama çok kalite beklentiniz olmasın,4,ayakkabı
HBV00000TWIIZ,223,kampanyadan aldim fiyat performans urunu.,5,ayakkabı
HBV00000TWIIZ,224,Kampanyada iken aldım fiyatına göre çok güzel ve kaliteli.,5,ayakkabı
HBV00000TWIIZ,225,Güzel fiyata güzel ürün,5,ayakkabı
HBV00000TWIIZ,226,Mükemmel,5,ayakkabı
HBV00000TWIIZ,227,10 numara beş yıldız 🤣,5,ayakkabı
HBV00000TWIIZ,228,1 numara büyük alınması gerekir fiyatına göre çok iyi,5,ayakkabı
HBV00000TWIIZ,229,Mükemmel 😍,5,ayakkabı
HBV00000TWIIZ,230,Teşekkürler,5,ayakkabı
HBV00000TWIIZ,231,"Göründüğü gibi geldi, teşekkürler",5,ayakkabı
HBV00000TWIIZ,232,Biraz terettut etmistim ve yorumlara bakarak aldim rahat bir ayakkabi tavsiye ederim....,4,ayakkabı
HBV00000TWIIZ,233,Fiyatına gore çok guzel,5,ayakkabı
HBV00000TWIIZ,234,Eşime almıştım çok beğendi fiyatına göre başarılı,5,ayakkabı
HBV00000TWIIZ,235,Rahat ve güzel bir ayakkabı indirimdeyken aldım.,5,ayakkabı
HBV00000TWIIZ,236,Fiyat performans ürünü,5,ayakkabı
HBV00000TWIIZ,237,Çok memnun kaldık herkesin almasını tavsiye ederim,5,ayakkabı
HBV00000TWIIZ,238,Ne kadar mükemmel bi ayakkabı anlatamam ikinci tercih edişim ve içindeki ortapedik taban fiyatının hakkını veriyor. uzun süre ayakta çalışanlar mutlaka alınn 😍😍😍😍,5,ayakkabı
HBV00000TWIIZ,239,Gerçekten çok güzel bu fiyata bu ayakkabı süper,5,ayakkabı
HBV00000TWIIZ,240,Fiyata göre iyi. Ama çok kalite beklentiniz olmasın,4,ayakkabı
HBV00000TWIIZ,241,kalitesini beğenmedim.,2,ayakkabı
HBV00000TWIIZ,242,Ürün tam beklediğim gibi çook  teşekürler,5,ayakkabı
HBV00000TWIIZ,243,Hızlı teslimat için teşekkür ederim ürün gayet iyi parasına değer,4,ayakkabı
HBV00000TWIIZ,244,Abi iç tabanı gerçekten ağrı ve terletme yapıyor ayrıca dış alt tabanı bildiğiniz topuklu ayakkabı sesi edası ile yurumenizi sağlıyor bunları düşünerek alalım ben aldım parama yazık oldu :),1,ayakkabı
HBV00000TWIIZ,245,Fiyata göre normal,3,ayakkabı
HBV00000TWIIZ,246,derisi gerçek değil ve kırılıyor,1,ayakkabı
HBV00000TWIIZ,247,Tabanına kadar Sert ayakkabı,1,ayakkabı
HBV00000TWIIZ,248,Parasına göre biraz daha güzel malzeme ola bilirdi,1,ayakkabı
HBV00000TWIIZ,249,kalitesi çok kötü,1,ayakkabı
HBV00000TWIIZ,250,Kesinlikle merdiven altı uretim,1,ayakkabı
HBV00000TWIIZ,251,Yapıştırıcı izleri görünüyor böyle saçma sapan bir ayakkabı görmedim çöpe attım,1,ayakkabı
HBV00000TWIIZ,252,İğrenç bir ayakkabı ilk giyişte yırtıldı sakın almayın,1,ayakkabı
HBV00000TWIIZ,253,Rahat bi ayakkabi degil,1,ayakkabı
HBV00000TWIIZ,254,Bir hafta sonra kesinlikle paramparça oluyor,1,ayakkabı
HBV00000TWIIZ,255,Ürün sert tabanı da rahat değil,1,ayakkabı
HBV00000TWIIZ,256,Siyah istersiniz beyaz gönderirler ve ürün kalitesi çok düşük,1,ayakkabı
HBV00000TWIIZ,257,Fiyat performans diyebiliriz. Çok fazla ergonomiklik beklemeyin,3,ayakkabı
HBV00000TWIIZ,258,Vasatt sert esnek falanda değil,1,ayakkabı
HBV00000TWIIZ,259,Fiyat performans ürünü,4,ayakkabı
HBV00000TWIIZ,260,"Ucuz etin yahnisi... Oğluma evde denemeden sonra , dışarıda giydiremedim henüz",2,ayakkabı
HBV00000TWIIZ,261,Çok guzel,5,ayakkabı
HBV00000TWIIZ,262,Çok rahat bir ayakkabı değil sürekli spor ayakkabı giydiğim icinn belki de fiyatına göre sezonluk giyilebilir ayagimi acıttı,5,ayakkabı
HBV00000TWIIZ,263,Muhteşeemmmm kargolanması ayakkabının kalitesi hepsi çok güzel,5,ayakkabı
HBV00000TWIIZ,264,Çok basit ve kalitesiz duruyor.,2,ayakkabı
HBV00000TWIIZ,265,Aradığım air modeli sonunda buldum ve aldım 🙈 Ürün o kadar kaliteli ki çok çok beğendim ve ayakta da çok güzel duruyor,5,ayakkabı
HBV00000TWIIZ,266,Ürün gerçekten mükemmel aradığınız bir çok mağazada bulamayacağınız bir ürün,5,ayakkabı
HBV00000TWIIZ,267,Fiyatına göre çok iyi,4,ayakkabı
HBV00000TWIIZ,268,Fiyatına göre iyi,4,ayakkabı
HBV00000TWIIZ,269,Fiyat performans ürünü,4,ayakkabı
HBV00000TWIIZ,270,Fiyat performans ürünü,4,ayakkabı
HBV00000TWIIZ,271,Ürün düşük fiyat ama giyilicek gibi değil,2,ayakkabı
HBV00000TWIIZ,272,Ayakkabı görseldekinden daha güzel kesinlikle tavsiye ederim,5,ayakkabı
HBV00000TWIIZ,273,Çok uygun fiyata aldım işte kullanmak için ideal 👍🏻,4,ayakkabı
HBV00000TWIIZ,274,Tek kelime ile efso,5,ayakkabı
HBV00000TWIIZ,275,Fiyat performans ürünü çok sık,5,ayakkabı
HBV00000TWIIZ,276,göründüğünden çok daha güzel ve kaliteli hiç düşünmeden alın derim ben aşık oldum 😍,5,ayakkabı
HBV00000TWIIZ,277,Mükemmelllllll. Aşk yaşıyorum. Yumuşak kalıp ayağı vurma yapmıyor. Hafif.,5,ayakkabı
HBV00000TWIIZ,278,Fiyatına göre çok iyi,4,ayakkabı
HBV00000TWIIZ,279,Çok memnun değilim,3,ayakkabı
HBV00000TWIIZ,280,Ürünler gayet güzeldi ama kullanmadan iade ettik,3,ayakkabı
HBV00000TWIIZ,281,İyi ama fazla terletiuor.,3,ayakkabı
HBV00000TWIIZ,282,Çok kötü. Yanlışlıkla 1 numara büyük söylememe rağmen ayağını mahvetti eşimin. Gidin deneyin mağazadan alın.,1,ayakkabı
HBV00000TWIIZ,283,Terleme çok yaptı,1,ayakkabı
HBV00000TWIIZ,284,Fiyat performans ürünü bu fiyata alınacak ürünlerden bir tanesi paketleme ve kargo için teşekkürler hepsi burada,3,ayakkabı
HBV00000TWIIZ,285,Ayakkabı iyi ancak kendi numaranızı 1 numara büyüğünü almanızı tavsiye ediyorum,3,ayakkabı
HBV00000TWIIZ,286,Beğenmedim,1,ayakkabı
HBV00000TWIIZ,287,Birisi birisinden daha büyük biri sıktı ayağımı birisi bol çok saçma pişman oldum,1,ayakkabı
HBV00000TWIIZ,288,Aldığım ürün yanlarda acılmiş iki üründe biri defolu çıktı,1,ayakkabı
HBV00000TWIIZ,289,Çok aşırı derece de kalitesiz 1kere giyildi ve bu hale geldi,1,ayakkabı
HBV00000TWIIZ,290,kalıbı numaraya gore cok kucuk iade ettim kalitesi güzeldi,3,ayakkabı
HBV00000TWIIZ,291,Beklenildiği gibi olmadı..sanki uzun süredir depoda duruyormuş gibi..,1,ayakkabı
HBV00000TWIIZ,292,YANLARINDA SARI SARI SLİKON VAR :),2,ayakkabı
HBV00000TWIIZ,293,"10 yıldız olsa onu verirdim, harika",5,ayakkabı
HBV00000TWIIZ,294,ayakkabı harika ötesi duruşu harika,5,ayakkabı
HBV00000TWIIZ,295,Ürün süper bayıldım. Çok rahat ve çok şık.,5,ayakkabı
HBV00000TWIIZ,296,fiyatına göre aşırı iyi bir ayakkabı. tavsiye ediyorum.,5,ayakkabı
HBV00000TWIIZ,297,F/p ürünü,4,ayakkabı
HBV00000TWIIZ,298,Cok beğendim teşekkürler,5,ayakkabı
HBV00000TWIIZ,299,Çok kaliteli bir ürün,5,ayakkabı
HBV00000TWIIZ,300,Kargo hızlı teslimat yaptı paketleme ise çok iyiydi,5,ayakkabı
HBV00000TWIIZ,301,Ürünü çok beğendim her rengini aldım uygun ve kullanışlı,5,ayakkabı
HBV00000TWIIZ,302,Ürün gayet güzel rahat ve kullanışlı kesinlikle tavsiye ederim,5,ayakkabı
HBV00000TWIIZ,303,çok memnun kaldım aşırı rahat tavsiye ederim,5,ayakkabı
HBV00000TWIIZ,304,Çok beğendim duruşu ve rahatlığı çok güzel.,5,ayakkabı
HBV00000TWIIZ,305,Güzel,4,ayakkabı
HBV00000TWIIZ,306,Ürünü çok beğendim kumaşı ve modeli çok hoşuma gitti,5,ayakkabı
HBV00000TWIIZ,307,Ürünü çok beğendim çok şık ve rahat bi ürün tam beklediğimiz gibi geldi,5,ayakkabı
HBV00000TWIIZ,308,Fena değil,4,ayakkabı
HBV00000TWIIZ,309,Alt tabanı sert yumusak yapılabilirdi yürürken tat tat ses yapıyor,2,ayakkabı
HBV00000TWIIZ,310,İyi,4,ayakkabı
HBV00000TWIIZ,311,Ürün mükemmel. Bu fiyata göre çok çok iyi.,5,ayakkabı
HBV00000TWIIZ,312,çok güzel ve kaliteli ürün herkese tavsiye ederim,5,ayakkabı
HBV00000TWIIZ,313,Cok kalitesiz duruyo bu fiyatı hak etmiyo,1,ayakkabı
HBV00000TWIIZ,314,Bu fiyata idare eder çok kaliteli diyemem ama iş görür bı sıkıntısı yok kalıbı baya dar,3,ayakkabı
HBV00000TWIIZ,315,Hızlı kargo için tşkrler ürün güzel beyendim  ve giyildi bile 😊,3,ayakkabı
HBV00000TWIIZ,316,Tavsiye etmiyorum bir ayı dolmadan altı yırtıldi,1,ayakkabı
HBV00000TWIIZ,317,Tabanı çabuk açıldı.,3,ayakkabı
HBV00000TWIIZ,318,Ürün fotoğraflarda gördüğünüz gibi geliyor daha giymedim ama güzel görünüyor,3,ayakkabı
HBV00000TWIIZ,319,İşe gidip gelmek için almıştım dış görünüşü idare eder ancak ayakkabının tabanı KUNDURA AYAKKABI ile aynı,1,ayakkabı
HBV00000TWIIZ,320,Çok kötü bir ayakkabı,1,ayakkabı
HBV00000TWIIZ,321,Aşırı sert defolu ve vernik lekeleri vardı. Ayağa vurması da cabası,1,ayakkabı
HBV00000TWIIZ,322,Çok kalitesiz,1,ayakkabı
HBV00000TWIIZ,323,"Kalıbı cok kucuk, 1 beden  büyük tercih edilmeli, bildigijiz pazar ayakkabisi kalitesinde",3,ayakkabı
HBV00000TWIIZ,324,Verdiğim paraya değmez .kalitesiz.,1,ayakkabı
HBV00000TWIIZ,325,"Fiyat performans ürünü, gayet güzel",4,ayakkabı
HBV00000TWIIZ,326,Eh iste,2,ayakkabı
HBV00000TWIIZ,327,Tahmin ettiğim gibi iş görür,4,ayakkabı
HBV00000TWIIZ,328,Kalite rahatlık veya konfor yok ayakkabının uçları hemen kırıldı fiyatı ucuz ama kalitesi de ucuz,2,ayakkabı
HBV00000TWIIZ,329,Güzel,4,ayakkabı
HBV00000TWIIZ,330,Sert bi ayakkabi hediye almistim begenmedi,2,ayakkabı
HBV00000TWIIZ,331,Beklediğimden daha iyi,4,ayakkabı
HBV00000TWIIZ,332,Çok sert ve yamuk geldi,2,ayakkabı
HBV00000TWIIZ,333,Rahat değil,1,ayakkabı
HBV00000TWIIZ,334,Görüntü olarak güzel görünüyor,3,ayakkabı
HBV00000TWIIZ,335,Ürün 2. giyişte her tarafı yırtıldı. İlk kez böyle bir ayakkabıya şahit oldum.,1,ayakkabı
HBV00000TWIIZ,336,Fotoğrafta çok şık fakat oldukça geniş bir ayakkabı bu yüzden iade ettim,3,ayakkabı
HBV00000TWIIZ,337,Urun hic kaliteli degil ayaginiz icinde terliyor yanlarindan acilmalar var iyi yapistirilmamis.hic begenmedim,1,ayakkabı
HBV00000TWIIZ,338,Aşırı kaliteli değil ama iş görür görüntüsü güzel biraz katı sadece,3,ayakkabı
HBV00000TWIIZ,339,Çok sert bir ayakkabı rahat değil,2,ayakkabı
HBV00000TWIIZ,340,Laylon ayanızı mafeder aldım iyade edicem çok kötü hemde çokk,1,ayakkabı
HBV00000TWIIZ,341,Güzel ama altı çok sert,1,ayakkabı
HBV00000TWIIZ,342,astarı 20 günde dagıldı,1,ayakkabı
HBV00000TWIIZ,343,Fiyatına göre iyi bir ürün amcam yorumlarda çok övüldüğü için beklentim artmıştı karşılamadı maalesef ve ön kısmı ezik gibiydi,3,ayakkabı
HBV00000TWIIZ,344,Sağ ayakkabın uç kısmı yamuk ve yapışkanı açılmış,2,ayakkabı
HBV00000TWIIZ,345,Adi bir ayakkabı sakın almayın,1,ayakkabı
HBV00000TWIIZ,346,Ayakkabıyı giydiğim 2.gün yanındaki yapışkan kısımda açılma oldu. Verilen paraya yazık.,1,ayakkabı
HBV00000TWIIZ,347,tabanı berbat. 3 . giyişimde yapışkan yerleri ayrıldı,1,ayakkabı
HBV00000TWIIZ,348,Ürün çok güzel değil çok basit bi ürün bu fiyata çok güzel bi ürün beklenmez ama idare eder de diyemiyorum.,1,ayakkabı
HBV00000TWIIZ,349,Ayakkabı eksik geldi inanılmaz kalitesiz,1,ayakkabı
HBV00000TWIIZ,350,Berbat hemen yüzünde kırılma oldu asla tavsiye etmiyorum,1,ayakkabı
HBV00000TWIIZ,351,Yanlış gönderim biz siyah aldık ama altı beyaz geldi,2,ayakkabı
HBV00000TWIIZ,352,Ürün indirimde diye aldık fakat pek kaliteli görünmüyor. Yolda bırakabilir.,2,ayakkabı
HBV00000TWIIZ,353,"Ürün çok basit. Kullanışsız, ayağınızı acıtıyor. Ürüne ihtiyacınız varsa bile başka bir ürün alın",1,ayakkabı
HBV00000TWIIZ,354,Parasına göre çok kalitesiz taban çok kötü iç kısmı biraz daha kaliteli olabilir ayak tabanınızı çok acıtıyor tavsiye etmiyorum,1,ayakkabı
HBV00000TWIIZ,355,Ürün resimde güzel gözüküyor fakat hiç kaliteli değil ve kalıpları çok dar.keşke almasaydım.,1,ayakkabı
HBV00000TWIIZ,356,Hiç tavsiye etmiyorum giydiğim gün yırtıldı yarı yolda bırakır sizi paranızı çöpe atmayınn,1,ayakkabı
HBV00000TWIIZ,357,kalıbı çok dar iade ettim,1,ayakkabı
HBV00000TWIIZ,358,FENA DEĞİL,3,ayakkabı
HBV00000XYXMD,1,Umdugumdan daha kötü geldi beden ölcüleriyle alakası yok hiç tavsiye etmiyorum 2 adet sipariş verdim ikiside aynı beden ama bunu alakası bile yok birinin rengi değişik geldi diğeri çok bol aşırı hemde kalitesiz ürün,1,kıyafet
HBV00000XYXMD,2,Ben beğendim. Güzel duruyor. Ayrıca yıkadım ve renk atması OLMADI. İnsan gibi 30 derecede kaliteli ilaçla yıkayın.,5,kıyafet
HBV00000XYXMD,3,Güzel beğendim,5,kıyafet
HBV00000XYXMD,4,"Beklediğim ürünle alakası yok.
Bambaşka birşey göndermişler.
Elinizde ürün yoksa yok deyin, başka sahte ürünü göndermenin bir manası yok.",1,kıyafet
HBV00000XYXMD,5,"5-6 sene öncesinde aldığım pantolonla aynı kalitede bekledim fakat aynı kalitede değil. Ayriyeten bej renkli eşofman modelinden istemiştim, hardal rengi düz pantolon göndermişler. Onu iade edeceğim. Bu sefer hiç memnun kalmadım.",1,kıyafet
HBV00000XYXMD,6,Ürünü daha önce de aldım kullanışlı güzel yalnız bu kez Bej istedim farklı renk geldi iade edicem,2,kıyafet
HBV00000XYXMD,7,30 beden istedim 31 geldi yoksa yok neden başka beden yolladınız.,1,kıyafet
HBV00000XYXMD,8,Rengi çabuk atıyor iyi değil,1,kıyafet
HBV00000XYXMD,9,Ürünü aldım tam istediğim gibi tavsiye ederim,5,kıyafet
HBV00000XYXMD,10,Aynı ürünün siyah olanı bedeni oluyor ama haki rengi malesef bedeni olmuyor,1,kıyafet
HBV00000XYXMD,11,Üstüme tam oturdu 184 84 kg ım mankenin üstündeki gibi oldu tam oturdu çok rahat tam iş pantolonu koku diyenler çok var abartacak kadar değil birden fazla renk aldım yıkanınca boya verirmi bilmem ama çok iyi bir küçük bedeni dr olabilirdi ama böylesi daha rahat oldu ve boydan sıkıntı olmadı,5,kıyafet
HBV00000XYXMD,12,Pantolonun kesimi duruşu paçaların darlığı kesimi gayet başarılı çok hızlı bir sekilde gönderim sağladılar 4 puanı cepten dolayı verdim cep biraz daha uzun olabilirdi,4,kıyafet
HBV00000XYXMD,13,Çok iyi,5,kıyafet
HBV00000XYXMD,14,"Okul için aldım , bel kısmı oldukça bol ,terziye yaptırdım, güzel,okul forması fiyatlarından daha uygun.",5,kıyafet
HBV00000XYXMD,15,Mükemmel,5,kıyafet
HBV00000XYXMD,16,Birkaç yıl önce aynı markanın 2 pantolonunu almıştım. Kumaş değişmiş biraz daha ince yeni gelen pantolonlar. İşte giyilir f/p,4,kıyafet
HBV00000XYXMD,17,Ürün tam istediğim gibi çok teşekkür ederim emeği geçen herkese teşekkürler,5,kıyafet
HBV00000XYXMD,18,Kesinlikle tek kelimeyle harika ve herkese tavsiye ederim pişman olmazsınız....,5,kıyafet
HBV00000XYXMD,19,Malzeme güzel ancak kalıbı büyük. Değişim için gönderdim ama iade yapıldı.,5,kıyafet
HBV00000XYXMD,20,Gayet güzel tek sorun farklı bir kokusu var onun dışında iyi,5,kıyafet
HBV00000XYXMD,21,yaklaşık 3 yıkama sonra rengi attı simsiyah çok iyiydi şuan beyaz ve griye yakın,3,kıyafet
HBV00000XYXMD,22,Çok rahat çok güzel kesin teşekkürler,5,kıyafet
HBV00000XYXMD,23,Teşekkür ediyorum rahat bir pantolon iş ben çiftçi bir insanım 🙏🙏,5,kıyafet
HBV00000XYXMD,24,Gecen senelerde de almıştım memnun kaldım sanayi ortamda giyiyorum gayet rahat bu senede 3 adet aldım yine satıcı zamanda gönderim ve zamanında teslimat. Teşekkürler. 33 beden,5,kıyafet
HBV00000XYXMD,25,Süper,5,kıyafet
HBV00000XYXMD,26,Süper,5,kıyafet
HBV00000XYXMD,27,"175 boy 70 kg , 31 beden aldım oldu ,",4,kıyafet
HBV00000XYXMD,28,Guzel urun. Paçası  2 cm filan daha uzun olsaydı daha şık dururdu.,4,kıyafet
HBV00000XYXMD,29,Harika,5,kıyafet
HBV00000XYXMD,30,Ürün güzel tam üstüme oldu çok beğendim,5,kıyafet
HBV00000XYXMD,31,Fena değil,3,kıyafet
HBV00000XYXMD,32,"Aldığım ürün gelmedi düğmeli ve trendyol markasının ürününü göndermişler, eşimin işte giymek için götürmesi gerektiğinden iade etmedim",1,kıyafet
HBV00000XYXMD,33,Güzel Fakat Düymesi Biraz Çirkin Duruyo,4,kıyafet
HBV00000XYXMD,34,Tavsiye ederim..,5,kıyafet
HBV00000XYXMD,35,Ürün bir yıkama sonrası soldu ve giyilmeyecek durumda alalı 10 gün olmadı,1,kıyafet
HBV00000XYXMD,36,Buradan 2 pantolon aldım ortalama 2 yıldır giyiyorum. Gayet güzel ve rahat pantolon,5,kıyafet
HBV00000XYXMD,37,"Öncelikle 2 puanı bacak kısmında 3 cmlik yırtık oldugu için kırdım.
Dikilmicek yerde olmadıgı ve işte giyeceğim için iade etmedim.
Bundan önce yeşilini aldım memnun kaldım o yüzden kalitesi iyi ama yırtık olmasaydı daha iyi olurdu. Alacak kişilere önerim alınabilir. Boyum 1.78 kilom 70 31 beden tam oldu.
Teşekkürler",3,kıyafet
HBV00000XYXMD,38,Herzamanki gibi süper,5,kıyafet
HBV00000XYXMD,39,36 beden füme renk sipariş etmiştim. Onu da o üründe indirim vardı o yüzden. 34 bile seçsem fiyat yükseliyordu. Daha önce haki renk 36 numara almıştım azıcık bol idi ama kullanıyordum. Fiyatından dolayı füme 36 sipariş geçtim. Dediğim gibi bedeni 34 bile yapsam fiyat değişiyordu bende indirim olanı sipariş geçtim. Gele gele siyah renk l beden bir ürün geldi. Gelen ürün de çok kaliteli bir kumaşa sahip. Bedeni falan da tam oturdu. Şans mı desem tesadüf mü kısmet bu imiş artık. Giydim memnunum.,4,kıyafet
HBV00000XYXMD,40,Sonradan rengi bayağı soluyor ama kumaşı iyi diyebiliriz,4,kıyafet
HBV00000XYXMD,41,"Çok şık. Tam kışlık. Çok güzel.  Paça boyu kısa, ona göre sipariş edin",5,kıyafet
HBV00000XYXMD,42,Yazlik pantolon resimdekiyle aynisi gayet spor bi pantolon sadece ayni modellere göre biraz pahali,4,kıyafet
HBV00000XYXMD,43,Ürünün her yeri iplik. Zayıf pantolon,1,kıyafet
HBV00000XYXMD,44,5 kuruş etmez kalitesiz,1,kıyafet
HBV00000XYXMD,45,Eşime hediye aldım çok güzel duruşunusevdim ama kaliblari dar iade ettik mecbur,3,kıyafet
HBV00000XYXMD,46,Fena değil yazlık bir ürün,4,kıyafet
HBV00000XYXMD,47,Cok güzel ve kaliteli yazın giyilmez ama kalin kumaşı   ...Alırken dikkate alın liralık kumasi,5,kıyafet
HBV00000XYXMD,48,Çok güzel ve kaliteli ... teşekkür ediyorum pişman olmadım,5,kıyafet
HBV00000XYXMD,49,Fena değil,5,kıyafet
HBV00000XYXMD,50,Kumaşı likralı bacakları ince olanlar için daha uygun kalıbı rahat. Tekrar tercih edebileceğimiz bi ürün. Aracı olduğu için hb teşekkürler,5,kıyafet
HBV00000XYXMD,51,Ürün güzelde haki istedim yeşil geldi şimdi yeşil ördek yavrusu gibi gezıyorum🐥🤣,4,kıyafet
HBV00000XYXMD,52,Sonunda anlatıldığı gibi bi ürün aldım hepsiburadadan,5,kıyafet
HBV00000XYXMD,53,Bes yildizdan fazlasini hak ediyorlar.,5,kıyafet
HBV00000XYXMD,54,"29 giyiyordum biraz bol durması için 30 beden aldım ama çok bol oldu kendi bedeninizi alın arkadaşlar
bu arada boyunuz kısaysa yakışmıyor",5,kıyafet
HBV00000XYXMD,55,Zamanında geldi Beğendim teşekkürler,5,kıyafet
HBV00000XYXMD,56,Gayet kullanışlı,4,kıyafet
HBV00000XYXMD,57,Hızlı kargo ve teslimat için teşekkürler,5,kıyafet
HBV00000XYXMD,58,Beklediğim gibi geldi kaliteli ve fiyatın gore çok güzeldi beğendim,5,kıyafet
HBV00000XYXMD,59,Gayet kaliteli ürün fiyatına göre gayet güzel,5,kıyafet
HBV00000XYXMD,60,Çok Güzel,5,kıyafet
HBV00000XYXMD,61,"Çok kaliteli bir ürün 
Benim boyum 1.84 kilo 102 103 gibi 34 beden aldım tavsiyem 36",5,kıyafet
HBV00000XYXMD,62,Tam aynısı geldi,5,kıyafet
HBV00000XYXMD,63,Çok iyi,5,kıyafet
HBV00000XYXMD,64,Keşke lastiksiz seçeneği de olsa terazide çıkartırdım,5,kıyafet
HBV00000XYXMD,65,Çocuklarıma aldım ve ikiside çok beğendi gayet güzel,5,kıyafet
HBV00000XYXMD,66,Biraz dar geldi ve renk i her yıkamada biraz daha soluyor ama yinede beğendim rahat ti...,4,kıyafet
HBV00000XYXMD,67,Ürün güzel ama dar kesim bi beden büyük alın,4,kıyafet
HBV00000XYXMD,68,Tek yıkamada rengi mahvoldu ters yıkanması rağmen,2,kıyafet
HBV00000XYXMD,69,Ürün çok güzel çok beğendim. Tek sıkıntı fermuarı arızalı ama uğraşmak istemiyorum yaptırıp giyeceğim. Satıcı biraz daha dikkatli olmalı sadece. Ürün hızlı geldi güzel paketlenmiş. Tam bedenimi sipariş ettim ve tam oldu boyu falan çok iyi.,4,kıyafet
HBV00000XYXMD,70,"yıldıza aldanmayın, yorumumu yayınlasınlar diye 4 yıldız verdim yoksa aslında 1 yıldız. ürün açıklamasında %98 pamuk %2 elastan yazıyordu. pantolonu elime alır almaz bu oranların olmadığını anladım ve pantolonun iç etiketine baktım. %61 pamuk %37 polyester %2 elastan. iade ettim bu kadar kalitesiz bir şey beklemiyordum!",4,kıyafet
HBV00000XYXMD,71,Daha once almıştım cok begenip yenıden  sipariş verdım fakat ıkıncı urun tam bır fıyasko bır daha alısverıs yapmam,1,kıyafet
HBV00000XYXMD,72,Çok berbat özellikle de kumaş,1,kıyafet
HBV00000XYXMD,73,"Kumas kaliteli degil renk olarak soluk ve mat beden ise dar kalip,o yüzden alirken bir beden büyük almanızı tavsiye ederim onun haricinde mat saiyah sevenler icin idael olabilir",3,kıyafet
HBV00000XYXMD,74,Ben aldım hiç beğenmedim ama kendi fikrim alıcaklarq da burdan fikir olsun normalde 34 beden giyiyorum ama biraz büyük olsun diye 36 aldım o bile olmadı bacaklardqn girmiyor bile teslimattw bir gecikme yaşadım ama o kadar olucak. Fiyatına göre kalitesiz pantolon da ben iade ettim,3,kıyafet
HBV00000XYXMD,75,Urun oyle bir kokuyorki bir elektrikci olarak evde 2 gun yanik aradim. Resmen priz yanigi gibi kokuyor. Bedeni guzel daha yikamadik bakalim renk atacakmi,1,kıyafet
HBV00000XYXMD,76,Ürünü hç beğenmedim. Geri iade ediyorum,1,kıyafet
HBV00000XYXMD,77,Ömrüm berbat ya gerçekten kumaşı olsun dikişler olsun kumaş aralarındaki dikişlerin içinden ip parçacıkları püskülleri çıkmış ürünü zaten bedeni ile alakası yok ben bunu zaten işte giymek için almıştım işte giymeye bile gerçekten çok kötü durumda yani bu öyle bir pantolon ki pantolon değil aslında sallamasyon iki tarafı Dikili v şeklinde bir kumaş parçası bu kadar,2,kıyafet
HBV00000XYXMD,78,Gayet güzel,5,kıyafet
HBV00000XYXMD,79,Güzel,5,kıyafet
HBV00000XYXMD,80,"Çok güzel ve kaliteli bir ürün, tavsiye ederim",5,kıyafet
HBV00000XYXMD,81,Tam istediğim gibi geldi bedeni iyi rahat tavsiye ederim,4,kıyafet
HBV00000XYXMD,82,Beğendim bedeni tam oldu,5,kıyafet
HBV00000XYXMD,83,Bütün renklerini alıyorum boyum 1.78 kilom 82 34 beden tam bana göre çok rahat çok güzel,5,kıyafet
HBV00000XYXMD,84,Kumaşı hoşuma gitmedi,2,kıyafet
HBV00000XYXMD,85,Gayet güzel fiyatına göre,5,kıyafet
HBV00000XYXMD,86,83 kilo 175 boyunda olan eşime 34 beden aldım tam oldu 1 bedene kadar esneme payı varmış gönderilen nota göre bilsem daha küçük alırdım çünkü açıklama da bir beden büyük alin yazıyordu. Ürün belirtilen süreden önce hızlı geldi paketleme güzeldi. 4 mevsim kullanilabilecek bir ürün bence renk de vermezse çok çok iyi satıcı ve hepsi burada ya teşekkür ederim,5,kıyafet
HBV00000XYXMD,87,Tek kelimeyle harika kesinlikle tereddüt etmeden alın,5,kıyafet
HBV00000XYXMD,88,Baya iyi,5,kıyafet
HBV00000XYXMD,89,Güzel,5,kıyafet
HBV00000XYXMD,90,Görsel de olduğu gibi geldi çok beğendim,5,kıyafet
HBV00000XYXMD,91,Tam üzerime göre oldu 180 boy 90 kilo 34 beden tam oldu normal brdenımdr 34 bence bedeniniz neyse onu alın,5,kıyafet
HBV00000XYXMD,92,2 gün içinde elime ulaştı güzel paketleme ve kaliteli ürün bir o kadar da rahat tavsiye ederim,5,kıyafet
HBV00000XYXMD,93,Zamanında geldi memnun kaldım teşekkürler,5,kıyafet
HBV00000XYXMD,94,Çok güzel memnun kaldım,5,kıyafet
HBV00000XYXMD,95,Çok rahat fakat cepleri biraz küçük,4,kıyafet
HBV00000XYXMD,96,İnce ve güzel. Kumaş kalitesi orta.,5,kıyafet
HBV00000XYXMD,97,Hastane kokusu var  kimyasal kokuyor ama  giyilebilir iyi duruyo,3,kıyafet
HBV00000XYXMD,98,"boy 1,74 kilo 72 32 beden aldım tam oturdu. hepsi buradaya hızlı kargosu için teşekkürler.",5,kıyafet
HBV00000XYXMD,99,farklı geldi,1,kıyafet
HBV00000XYXMD,100,Ürün kalitesi beni fazlası ile şaşırttı sadece mankendeki gibi maalesef durmuyor ancak kumaş kalitesi ve dikişleri çok kaliteli,5,kıyafet
HBV00000XYXMD,101,Çok güzel,5,kıyafet
HBV00000XYXMD,102,Süper çok beğendim ilk başta terettüt ettim ama sonradan çok güzel çıktı,5,kıyafet
HBV00000XYXMD,103,Verdiğiniz parayı fazlası ile hak ediyor ürün çok güzel bundan sonra korkmadan alışveriş yapacağım bir yer buldum ayrıca içinden çıkan teşekkürler notu çok inceydi 😁,5,kıyafet
HBV00000XYXMD,104,Güzeldi ama cepler çok asagidaydi rahatsız ettiği için iade ettim ama ürün iyi,4,kıyafet
HBV00000XYXMD,105,"Harika, çok beğendim, 32 beden dar olacağını düşündüğüm için 34 beden aldım, tam istediğim gibi ne dar ne bol, dikişler ve kumaş harika, her mevsim rahatlıkla giyilebilir.",5,kıyafet
HBV00000XYXMD,106,"Ürün fena değil, ilk yıkama oldu renk atmadı çekme yapmadi",4,kıyafet
HBV00000XYXMD,107,Tskrler,5,kıyafet
HBV00000XYXMD,108,Aldığım 3. pantolon. İnanılmaz memnunum,5,kıyafet
HBV00000XYXMD,109,alırken şüphelerim vardı ama mükemmel derecede güzel çıktı.tek düşüncem yıkadıktan sonra solmaması.172 boy 70 kilo 31 beden aldım tam üzerime oturdu.fiyat/performans ürünü tavsiye ederim,5,kıyafet
HBV00000XYXMD,110,"Çok beğendik eşime hediye aldım, tam bedenini aldım 77 kilo 34 beden tam oldu hatta biraz bol bile oldu çok rahatmış ve çok kaliteli aldığınız parayı hakediyorsunuz, haki rengini aldım, siyahını da alacağım.. :)",5,kıyafet
HBV00000XYXMD,111,Gayet başarılı,5,kıyafet
HBV00000XYXMD,112,Yoruları görünce korkmuştum acıkcası ama çok guzel oldu sadece siyah dugme degilde kumaşla aynı renk dügme vardı ceplerde  kumaşı likralı  ince tam yazlık bir kumaş,5,kıyafet
HBV00000XYXMD,113,"Ürün inanılmaz kalitesiz. 4 yıldızı nasıl aldı anlamış değilim. 
Önce eksilerini yazayım
1- Dikişleri çok özensiz ve basit duruyor

2- Üründe inanılmaz bir kimyasal koku var yıkansa bile geçmiyor. Hatta yanında yıkanması için attığınız giysilerde aynı koku ile çıkıyor.

3- Ürün defolu geliyor çok dikkatli inceleyin derim. Ben etiketlerini kopardıktan sonra fark ettim. Paçanın lastik kısmının hemen üzerinde 1cm'lik yırtık vardı.

4- Ters çevirdiğinizde cep astarlarının ne kadar basit olduğunu göreceksiniz. Adeta transparan, sanıyorum bir kaç giyimden sonra delinecektir.

5- Ürün ilk yıkamada soluyor. Üzerinde yazan talimata göre yıkamama rağmen kuruyunca solduğunu fark ettim

Artıları
1- Çok rahat pantolon

Uzun lafın kısası kullanılan kimyasallar sizin için sorun  değilse ve defolu olmasını, birkaç giyimden sonra atacağınızı göze alıyorsanız, tercih edilebilir.",1,kıyafet
HBV00000XYXMD,114,İyi bir firma pantolonlar çok şık yanlız son şiparişim de bej istememe rağmen siyah gönderilmiş biraz daha dikkatli olmaları gerekiyor 😔,3,kıyafet
HBV00000XYXMD,115,Gerçekten ilk başlarda güzeldi ama kullandıkça ceplerindeki circitlar koptu hep dikişleri atmaya başladı,3,kıyafet
HBV00000XYXMD,116,Paranıza yazık olur. Kesinlikle tavsiye etmem.İlk yıkamada soldu.,1,kıyafet
HBV00000XYXMD,117,Bana gelen bu resimle alakasız birşey iş elbisesi gibi kumaş bi pantolon,1,kıyafet
HBV00000XYXMD,118,Ağır bir kokusu var. Yıkanınca da geçmiyor. Bilekteki lastikleri çok sıkı yukarı doğru çekiyor.,3,kıyafet
HBV00000XYXMD,119,Likralı istedim paraşüt geldi.,1,kıyafet
HBV00000XYXMD,120,Kokuyor ve çabuk soldu :(,1,kıyafet
HBV00000XYXMD,121,İlk yıkamada renk soldu,1,kıyafet
HBV00000XYXMD,122,Dikiş kalitesi cok kötü hemen sökülüyor. Ve bel kısmı biraz tuaf yapmıslar,3,kıyafet
HBV00000XYXMD,123,Ürünü eşime aldık bedeninize göre alın ama ben cuk otursun istemiyorum az bol olsun derseniz bir beden büyük alabilirsiniz.. Kumaş kalitesi baya iyi kışında rahatlıkla giyinebilir ince kumaş değil.. Haki rengi çok güzel diğer renginide almayı düşünüyoruz.. 👍,5,kıyafet
HBV00000XYXMD,124,Güzel tam kalıp ama yikanmada hafif renk soldu eğer her yıkamada solarsa giyilmez hale gelirama bir kerelik solmaysa sıkıntı olmaz,3,kıyafet
HBV00000XYXMD,125,Ürün çok rahat bir ürün değil toz tüyçük ne varsa üstüne çekiyor iade sürem doldu iade etmediğime pişman oldum.,3,kıyafet
HBV00000XYXMD,126,Ürünü çok beğendik. Normalde 34 beden giyiyordum ama 36 beden sipariş verdim iyiki de öyle yapmışım. Tam oldu,5,kıyafet
HBV00000XYXMD,127,Fotoğraftaki ile hiçbir alakası yok okul pantolonları bile çok daha iyi açıkçası,1,kıyafet
HBV00000XYXMD,128,Modeli güzel ama kumaş kalitesi kötü. Lacivertini aldım İki gün giydim 5 yıllık pantolonmış gibi durdu. Bide yakıyor,2,kıyafet
HBV00000XYXMD,129,Çok güzel ürün,5,kıyafet
HBV00000XYXMD,130,Pantolon güzel malzeme kalitesi kötü,2,kıyafet
HBV00000XYXMD,131,Rahat ve kullanıslı cok beyendim,5,kıyafet
HBV00000XYXMD,132,Ürün gerçekten kaliteli arkadaşlar 1 beden büyük almanızı tavsiye ederim lastikli olduğu için daha rahat duracaktır,5,kıyafet
HBV00000XYXMD,133,"178 CM BOY 75 KG 33 BEDEN TAM OLDU.
BEKLENTİMİN ÜSTÜNDE BİR KALİTESİ VAR.
GAYET ŞIK VE RAHAT.",5,kıyafet
HBV00000XYXMD,134,Ürün güzel beğendim. Beğlediğimden daha iyisi geldi. Beden biraz büyük ama daha rahat. Teşekkürler,5,kıyafet
HBV00000XYXMD,135,"Ne eksik ne fazla tam istediğim gibi geldi, ayrıca kargomda 1 gün içinde geldi .",5,kıyafet
HBV00000XYXMD,136,Ürün güzel. Bedeniniz neyse onu alabilirisiniz. Sadece ürünler fabrika çıkışlı kadar iyi değil. Hani kalite olarak beklentiyi az düşürün. Üzerimde iyi durdu. Kesimi falan iyi de işte ne kadar dayanacak göreceğiz.,4,kıyafet
HBV00000XYXMD,137,Yan cepleri küçük paçası kısa geldi bana kumaşı güzel,4,kıyafet
HBV00000XYXMD,138,Tam bedenimi aldım kumaşı falan hoşuma gitti hızlı kargolama da çok önemliydi teşekkür ederim,5,kıyafet
HBV00000XYXMD,139,Önce siyahını aldım. Beğenince hâki rengini aldım çok çok memnunum. Kargoda beklenenden önce geldi şiddetle tavsiye ediyorum.,5,kıyafet
HBV00000XYXMD,140,Pantalon çok rahat ve hoş. Tek sorun cepleri çabuk deliniyor.,4,kıyafet
HBV00000XYXMD,141,Aşırı renk atıyo,5,kıyafet
HBV00000XYXMD,142,Fiyatına göre pantolon çok iyi likralı kumaşı rengi kesimi çok iyi bilerek büyük beden istedim az küçültlmem gerekecek şimdide siyahını isteyecem 36 beden isteyecem kotta 33 giyiyordum 36 tam olacak gibi tşk beğendim,5,kıyafet
HBV00000XYXMD,143,Ürünler güzel ve tam istedigim gibi geldi ama biraz pantolonlarda acayip koku var yıka yıka kokusu cıkmiyor kokusunda olmasa gercekten ürün kaliteli ondan puan kırdim kokusu cok vazla var,4,kıyafet
HBV00000XYXMD,144,Boyum 1.88 kilo 89      36 beden sipariş verdim  tam üzerime oldu ürün güzel ben beğendim kargo ile hızlı bir sekilde elime ulastı,5,kıyafet
HBV00000XYXMD,145,Ürünler kaliteli olmasina ramen pantolonlarda koku var asiri derecede yıkadıkca koku cıkıyor ürün rahat kullanişli aldigim dan beri kokusu cikmiyor puan kırdim,4,kıyafet
HBV00000XYXMD,146,özel hazırlanmış  gibi löppp etti oturdu :),5,kıyafet
HBV00000XYXMD,147,rengi güzel ama yazlık bir ürün,4,kıyafet
HBV00000XYXMD,148,Fena değil,4,kıyafet
HBV00000XYXMD,149,Çok güzel çok beğendim tam istediğim gibi geldi kaliteli ve güzel herkese öneririm tam bedenim e uydu,5,kıyafet
HBV00000XYXMD,150,Ürün çok rahat ama 1 beden küçük söylemenizi tavsiye ederim tam beden söylerseniz biraz bol oluyor,5,kıyafet
HBV00000XYXMD,151,Başarısız,2,kıyafet
HBV00000XYXMD,152,çok güzel bir ürün tavsiye ederim,4,kıyafet
HBV00000XYXMD,153,Eski erkek arkadaşıma almıştım hala giyiyor utanmazzz,4,kıyafet
HBV00000XYXMD,154,Zayıf ve uzun boyluysanız tavsiye etmem. Onun haricinde güzel hızlı bir şekilde ulaştı.,5,kıyafet
HBV00000XYXMD,155,özel hazırlanmış  gibi löppp etti oturdu :),5,kıyafet
HBV00000XYXMD,156,"pantolon güzel ama rengi sevmedim, füme değilde rengi solmuş siyah gibi",5,kıyafet
HBV00000XYXMD,157,Diğer pantolonlar için yaptığım yorumun aynısını yapıyorum.Üstten cepli olsaymış çok daha iyi olurmuş yandan cep kullanışlı olmuyor.Cep telefonu kayıp düşüyor oturunca.,4,kıyafet
HBV00000XYXMD,158,Ürün çok iyi ve rahat. Rengi biraz beje  yakın ama yinede gerçekten güzel bir ürün.,5,kıyafet
HBV00000XYXMD,159,Füme renk istedim siyah geldi kalitesi normal,3,kıyafet
HBV00000XYXMD,160,Likralı yazdığı halde ürün likralı değildir hemde ilk yıkamada cekmistir,1,kıyafet
HBV00000XYXMD,161,"Kimseye tavsiye etmiyorum sakın almayın 
Kimyasal kokuyor nekadar yıkasanız
Kokuyor  ayriyeten boyası cıkıyor dikişler berbat Kimseye tavsiye etmiyorum",1,kıyafet
HBV00000XYXMD,162,Serseri jeans'ı ilk defa tercih ettim ve ürün aldım kumaş kalitesi gayet güzel ve başarılı 👍hepsiburada😉,5,kıyafet
HBV00000XYXMD,163,"Güzel pantolon tam beden alabilirsiniz 
Zaten likralı esneme yapıyor. Sadece iç cebi dış cep ile beraber dikilmişti cep içten katlıydı maket bıcağı ile kestik orayı düzeldi, daha dikkatli olunabilir o konuda. O yüzden bir puan kırdım",4,kıyafet
HBV00000XYXMD,164,"Verdiğiniz ürün tam beden olmayabilir. 
170 boy 60 kiloyum. 31 beden olmadı. 
Terzi de şu an. Kalıplar her beden de aynı değil. Şalvar gibi gitmek isterseniz sıkıntı yok 😀",1,kıyafet
HBV00000XYXMD,165,Siyah renk almıştım yıkandıktan sonra lacivert olmaya başladı ve ipleri sökülüyor tavsiye etmiyorum.,1,kıyafet
HBV00000XYXMD,166,Güzel idare eder,3,kıyafet
HBV00000XYXMD,167,Dikislerini beğenmedim işçiliği zayıf,3,kıyafet
HBV00000XYXMD,168,Fiyatına göre iyi secenek,3,kıyafet
HBV00000XYXMD,169,Fotoğraftaki ürün gelmedi cepleri cırtlı parlak kumaş siyah kahverengi arası renkli comando marka esnek kumaşlı bir ürün geldi 32 beden sipariş ettim ama L beden gönderilmiş iade ettim,1,kıyafet
HBV00000XYXMD,170,"Ürün çok güzel, kesimi ve esnek yapısı yerinde. Ama yıkamama rağmen üründe ağır bir koku var ve geçmiyor. Bunun sebebi nedir çözemedim. Bu durum rahatsız ediyor.",4,kıyafet
HBV00000XYXMD,171,Dedikleri gibi rahat likealı kumaş değil,3,kıyafet
HBV00000XYXMD,172,"o kadar kalitesiz bir kumaşı var ki resmen ben kanserojenim diye bağırıyor. üzerinde ağır bir kimyasal koku vardı. kalıbı da oldukça kötüydü, ağ kısmı çok geniş, paçası da aşırı dardı. ayağınız girmiyor ki ayağım 41 numara, girse de çıkmıyor. vay arkadaş ne kalitesiz bir üründü ya... uzak durun!",1,kıyafet
HBV00000XYXMD,173,füme diye aldım bildigin siyah. bu fiyata bu kadar,3,kıyafet
HBV00000XYXMD,174,Rengi hemen soldu,3,kıyafet
HBV00000XYXMD,175,kumaşı iy kaliteli rahat ama rengi 4 aylık bı kulaanimdan sonra soluyor,3,kıyafet
HBV00000XYXMD,176,gayet güzel ve rahat,5,kıyafet
HBV00000XYXMD,177,"Tam istediğim gibi rahat, kullanışlı ve dayanıklı. Satıcıda gayet ilgili kargo hızlı",5,kıyafet
HBV00000XYXMD,178,Rahat şık kaliteli biraz pahalı. Tam bedeninizi sipariş edin 78 kiloyum 32 beden oldu,4,kıyafet
HBV00000XYXMD,179,Tam istediğim gibi geldi,5,kıyafet
HBV00000XYXMD,180,Eşime aldım 1.75 boy 85 kilo 33 beden tam oldu ürün gayet güzel,5,kıyafet
HBV00000XYXMD,181,Hızlı kargo geldi teşekkür ederim,5,kıyafet
HBV00000XYXMD,182,Beklenmedik şekilde güzel :),5,kıyafet
HBV00000XYXMD,183,Cok iyi ürün kaliteli umarim rengi atmaz,5,kıyafet
HBV00000XYXMD,184,cok rahart cok beyendım baska renklerde almarı dusunuyorum,5,kıyafet
HBV00000XYXMD,185,Bu pantolonu çok beğendim . Param olsun bikaç tane daha alıcam hediye edicem sevdiklerime,5,kıyafet
HBV00000XYXMD,186,Tam okul pantolonu,4,kıyafet
HBV00000XYXMD,187,Kaliteli ve sağlam tavsiye ederim,5,kıyafet
HBV00000XYXMD,188,Fiyatına göre makul kalitede. Ben beğendim. Adres bilgisi eksik olduğu için başka bir şubeye gitmiş. Dikkat edilmeli.,5,kıyafet
HBV00000XYXMD,189,"Çok kalite beklemeyin, fiyatına göre idare eder.",4,kıyafet
HBV00000XYXMD,190,"ürün bu fiyatı hak etmiyor, kumaşta kötü bir koku var yıkasanız bile geçmiyor, işçiliği çok kötü dikişler ancak bu kadar kötü olabilir, pantolonu bir kere yıkadım ve bazı yerlerinde rengi soldu.",2,kıyafet
HBV00000XYXMD,191,Süper kaliteli,5,kıyafet
HBV00000XYXMD,192,Müq koşun alın hemen,5,kıyafet
HBV00000XYXMD,193,Ürün bı beden büyük alin,5,kıyafet
HBV00000XYXMD,194,Çok güzel ve çok beğendim,5,kıyafet
HBV00000XYXMD,195,bence müthiş ve çok güzel,5,kıyafet
HBV00000XYXMD,196,Ürün çok rahat alırken bir beden büyük alın makine girdiği zaman çekiyor siz bir beden büyük alın,5,kıyafet
HBV00000XYXMD,197,Gayet kullanışlı ve güzel tahmin ettigimdende erken elime ulaştı başarılı,5,kıyafet
HBV00000XYXMD,198,36 beden aldım aşırı büyük ona göre bedeninize göre iyi seçin. küçük alın boyu tam geldi daraltıp sorunu halledebilirim. kumaş iyi gözüküyor ama cepler geniş değil.,4,kıyafet
HBV00000XYXMD,199,Farklı ürün yollandı kalitesizdi,1,kıyafet
HBV00000XYXMD,200,Küçük boy almama rağmen paçası bence uzun pot duruyor bı yüzden. Malzeme kalitesi güzel duruyor. Paçadaki buzmeler pek hoşuma gitmedi. Üzerinize giyince ceplerinbastarı gözüküyor. İşte bu yüzden bu markalar kalkınamıyor. Malzeme kalitesi değil tek konu bu hassas isler. Zira malzeme kalitesi artık 2. Plan oldu kimse yıllarca birşey giymiyor.,3,kıyafet
HBV00000XYXMD,201,İnce dar kesim ona göre alın,3,kıyafet
HBV00000XYXMD,202,ürün yanlış geldi.,1,kıyafet
HBV00000XYXMD,203,Fotoda görüldüğü gibi degil  tam bedenimi almama rağmen çuval gibi bisey gönderdiler çok adı Bi ürün almanızı tavsiye etmem,1,kıyafet
HBV00000XYXMD,204,Berbat istediğim beden gelmedi çok kalitesiz 1 haftadır bekliyorum bide iade işlemiyle ugrastiracaklar resmen saçmalık ya biraz özen gosterin,1,kıyafet
HBV00000XYXMD,205,Fotoğrafta ki ile çok benzer değildi. Işık kaynaklı olabilir ama kötü bir model değil.,3,kıyafet
HBV00000XYXMD,206,Ürünün fermuarı bozuk çıktı dükkanlar açık geziyom,3,kıyafet
HBV00000XYXMD,207,Kalitesiz saçma sapan bişey almayn heryeri sökük iple dolu çakmakla yakmaktan gına geldi ipleri,1,kıyafet
HBV00000XYXMD,208,Ürün ikinci yıkamada renk vermeye başladı almayın pişman olursunuz,1,kıyafet
HBV00000XYXMD,209,"ürün likralı, esnek, rahat. ayrıca bilgilendirme kağıdı için teşekkür ederim, fiyat ve kalite olarak iyi.",5,kıyafet
HBV00000XYXMD,210,2 defa ürün istedim hiç biri doğru gelmedi nasıl bir firma nasıl bi işletme anlamadım,1,kıyafet
HBV00000XYXMD,211,"Daha önce siyah renk almıştım 32 beden onun üzerine haki renk almak istedim ama aynı beden seçmeme rağmen içinde de 32 beden yazdığı halde, öbür aldığım ile alakasız boyut farkı var, siyah olan belimden düşmezken bu renk kemerli bile zar zor oldu ve haki renk çok cıvık duruyor...",3,kıyafet
HBV00000XYXMD,212,"Ürün fena değil, görünüşü çok iyi, rahat ve bedeninize göre alın tam oturuyor fakat ceplerinde kullanılan şey kumaş değil bildiğiniz aşırı dandik bir şey ve rengi (1 kere yıkadım arkasını çevirmeyi unuttum benim hatam fakat bu kadar da olmaz) hemen soldu. İlk rengi o kadar canlı o kadar iyi gözüküyordu ki bir şey olmaz sanmıştım. Lafın kısası çok istiyorsanız alın onun dışında pek de tavsiye etmem.",3,kıyafet
HBV00000XYXMD,213,"harika bir ürün ve hızlı gönderi, çok teşekkürler",5,kıyafet
HBV00000XYXMD,214,Harika,5,kıyafet
HBV00000XYXMD,215,"Üründe tuhaf bir koku var. Çamaşır makinesinde yıkadığım halde koku gitmedi. Kimyasal bir koku.
Cep dikişleri fazla kaliteli değil. Olabildiğine ince bir kumaş kullanılmış. İlk yıkamada renk atması olmadı. Umarım belirsiz koku gider, rengide ilerleyen süreçte solmaz. 30 beden giyen kardeşim için aldım. 32 beden tam oldu. İade edecek kadar kötü değil ama indirimsiz aldığım bu fiyatı hak ediyor mu tartışılır",2,kıyafet
HBV00000XYXMD,216,hızlı kargo ürün fiyatına göre çok iyi,5,kıyafet
HBV00000XYXMD,217,Teşekkür ediyorum,5,kıyafet
HBV00000XYXMD,218,Çok güzel bir ürün satıcı ilgili mesaj için teşşekürler bir kaç tane daha ürün almayı düşünüyorum tavsiye ederim,4,kıyafet
HBV00000XYXMD,219,ÇOK İYİ ÜRÜN PARASININ KARŞILIĞI,5,kıyafet
HBV00000XYXMD,220,kumaşı orta kalitede ama rahatlık iui,5,kıyafet
HBV00000XYXMD,221,"Tam beklediğim gibi, duruşu çok güzel.",5,kıyafet
HBV00000XYXMD,222,Biraz renk atıyor ve cepleri çok aşağıda,4,kıyafet
HBV00000XYXMD,223,Fiyatına göre çok güzel bir ürün,5,kıyafet
HBV00000XYXMD,224,Kumaş iyi beğendim,5,kıyafet
HBV00000XYXMD,225,"urun çok güzel, deneme amaçlı 1 adet almıştım, daha çok almayı düşünüyorum.",5,kıyafet
HBV00000XYXMD,226,Süper herkese tavsiye ederimm,5,kıyafet
HBV00000XYXMD,227,Parlıyo cok kötü kumaşı sert ve kalitesiz,1,kıyafet
HBV00000XYXMD,228,Çok hızlı kargo ürün kaliteli çok teşekkür ederim,5,kıyafet
HBV00000XYXMD,229,Genç işi,3,kıyafet
HBV00000XYXMD,230,Ürün kalite ve rahatlık bakımından iyi.  Fakat pantolonda bir koku var ilk yıkamama rağmen koku geçmedi. Yıkamamdan sonra renk atacakmış izlenimi verdi bana çünkü solan yerler oldu.,3,kıyafet
HBV00000XYXMD,231,Güzel,1,kıyafet
HBV00000XYXMD,232,Dotograftakiyle aynı değil ve kotu,1,kıyafet
HBV00000XYXMD,233,Kaliteli ürün hızlı teslimat teşekkürler,5,kıyafet
HBV00000XYXMD,234,Verdiğim paraya değer bir kalitede ve tatmin edici bir zaman zarfında geldi,4,kıyafet
HBV00000XYXMD,235,Hızlı kargo kaliteli ürün. Kesinlikle parasını hak ediyor.,5,kıyafet
HBV00000XYXMD,236,Urun güzel. Gönderi hızlı parasının karsiligi,5,kıyafet
HBV00000XYXMD,237,Ufak beden göndermişler,1,kıyafet
HBV00000XYXMD,238,Ürünü aldım giymeden yıkayalım dedik rengi bir tık hatta bazı yerleri 2-3 tık açıldı. İkinci yıkamada 1 aydır giyiyormuşum gibi oldu. Devamını düşünemiyorum,3,kıyafet
HBV00000XYXMD,239,"Ürün ilk geldi inanilmmaz bi naylon kokusu vardi yikadik pantolon tiftiklenip renk attı baska bisey oldu kesinlikle almayin attığım resimde gorebilirsiniz 
Henuz hic giymedim",1,kıyafet
HBV00000XYXMD,240,Rahat,5,kıyafet
HBV00000XYXMD,241,Ürün kaliteli kargo hızlı,5,kıyafet
HBV00000XYXMD,242,Harika bir seçim oldu ben çok beğendim,5,kıyafet
HBV00000XYXMD,243,Kumaş kötü siyah olan devamlı tüy topluyor,1,kıyafet
HBV00000XYXMD,244,ürün çok rahat ve kullanışlı. tek eksiği biraz tüy topluyor harici çok şık,4,kıyafet
HBV00000XYXMD,245,Gayet güzel likralı pantolon bir beden büyük sipariş edin,4,kıyafet
HBV00000XYXMD,246,Ürün üstümde fena durmadı rahatta ama ürünün rengi soluk üzerinde lekeler var kumaşida bu fiyat eder mi hiç sanmiyorum yıkamadan sonra çabuk deforme olur gibi pek uzun ömürlü olmaz,2,kıyafet
HBV00000XYXMD,247,Kaliteli,5,kıyafet
HBV00000XYXMD,248,Harika👍,5,kıyafet
HBV00000XYXMD,249,çok güzel,5,kıyafet
HBV00000XYXMD,250,Boyası aşırı derecede kalitesiz ve çok pis kokuyor çamaşır makinesine attım bütün çamaşırlar leş gibi pis boya koktu ve siyahlaştılar ayrıca pantolonun boyası kalktı bu fiyata değmez,1,kıyafet
HBV00000XYXMD,251,"İşçilik çok kötü. Dikişler özensiz ilk haftası cep dikişi patladı,her tarindan ipler çıkmış temizlenmemis.

Alırken bir daha düşünün

Tavsiye etmem.",1,kıyafet
HBV00000XYXMD,252,"Çok kötü kokuyor, koku geçmiyor. 3 defa yıkandı koku geçmedi. Verdiğim paraya mı yanayım, giyemediğime mi yanayım! Yıkayınca geçen bir koku değil bu. Kokudan kaynaklı pantolonda kullanılan kimyasalların sağlığa zararlı olabileceğini düşünüyorum.",1,kıyafet
HBV00000XYXMD,253,Gayet güzel,3,kıyafet
HBV00000XYXMD,254,Aşırı bi koku car kükürt kokusu bir defa yıkadık ama yine koku gitmedi nasıl kokusu geçer acaba ürün kalitesi güzel beğenerek giyiyorum ama kokusu sorun,1,kıyafet
HBV00000XYXMD,255,Yıkadıktan sonra tüm rengi soldu,1,kıyafet
HBV00000XYXMD,256,"Geçmeyen kötü bir koku var. 3 defa yıkandı, yine de geçmiyor. Verdiğim paraya yanarım. Pantolon da kullanılan kimyasalların sağlığa zararlı olabileceğini düşünüyorum. Bu koku normal değil.",1,kıyafet
HBV00000XYXMD,257,Kumaşı inanılmaz kalitesiz,1,kıyafet
HBV00000XYXMD,258,Birkaç defa tıklandığında beyazlasmalar başlıyor ama çok rahat 🌚,3,kıyafet
HBV00000XYXMD,259,Cep astarları kagıt mendılı gıbı hemencecık yırtıldı,1,kıyafet
HBV00000XYXMD,260,puanı yüksek fiyatı ucuz diye denemek için  aldım ama çok kalitesiz ve çok kötü boya kokusu vardı iade etmek zorunda kaldım çok beğenenler bayılanlar pazardan başka yerden alışveriş yapmıyorlar sanırım,1,kıyafet
HBV00000XYXMD,261,Ürünün kumaşı kalitesiz,2,kıyafet
HBV00000XYXMD,262,Malesef ki ilk yıkamada rengi gitti hiç bir şekilde tavsiye etmiyorum,1,kıyafet
HBV00000XYXMD,263,Tek seferde rengi gitti yazık verilen paraya,1,kıyafet
HBV00000XYXMD,264,Kesinlikle ilk yikamada renk atıyor. Önermiyorum hiç.,1,kıyafet
HBV00000XYXMD,265,İlk yıkamada renk atıyor. Çok kalitesiz paranıza yazık etmeyin.,1,kıyafet
HBV00000XYXMD,266,Tek kelime ile berbat,1,kıyafet
HBV00000XYXMD,267,Çok renk atıyor,1,kıyafet
HBV00000XYXMD,268,Üründe sanki kimyasal bir koku yıkayınca bile geçmedi..,1,kıyafet
HBV00000XYXMD,269,Tarzı ve şekli çok güzel ancak kumaş kalitesi kötü. Bir yıkamada sıvı deterjan kullanmamıza rağmen çizgiler oluştu kumaşta. Sert sentetik ve tatlı kaşındiran bir kumaş ancak esnekliği güzel.,3,kıyafet
HBV00000XYXMD,270,Fotoğraftaki kadar şık durmadı :),3,kıyafet
HBV00000XYXMD,271,İlk yıkamada tüm rengi soldu,1,kıyafet
HBV00000XYXMD,272,Beklediğimden biraz daha iyi olabilirdi 🙂,3,kıyafet
HBV00000XYXMD,273,Ürün beden ve kesim olarak çok güzel ancak ilk yıkamada rengi attı. Anormal bir yıkama da yapmadım üstelik.,1,kıyafet
HBV00000XYXMD,274,Lastikli değil inanmayın. Beklentiyi yükseltmeyin.,2,kıyafet
HBV00000XYXMD,275,"Ürünün dikişleri hiç sağlam değil ve boyası çok adi, daha ilk yıkamada bolca boya akıtıyor...",1,kıyafet
HBV00000XYXMD,276,Hiç Beklediğim Gibi Değildi,1,kıyafet
HBV00000XYXMD,277,30 derecede ters yıkanmasına rağmen rengi soldu tavsiye etmiyorum.,1,kıyafet
HBV00000XYXMD,278,Çok beğenmedim,1,kıyafet
HBV00000XYXMD,279,"Kumaş biraz zayıf geldi, giyip yıkandıktan sonra daha doğru neticeyi göreceğiz.",3,kıyafet
HBV00000XYXMD,280,Haki renginde istemiştim siyah yollamışlar,1,kıyafet
HBV00000XYXMD,281,Harikasinizz,1,kıyafet
HBV00000XYXMD,282,Çok kalitesiz beklediğim gibi değildi,1,kıyafet
HBV00000QARAC,1,Harika kumaş,5,kıyafet
HBV00000QARAC,2,Yorumlara bakan arkadaşım al geç diyorum rengi kalitesi tartışılmaz 2 renk aldım.hızlı teslimat herzaman ki gibi tşk hb,5,kıyafet
HBV00000QARAC,3,Fiyati uygun ve kaliteli bir ürün. Göründüğü gibi güzel ve kaliteli. Kumaş ve kalitesi çok güzel.,5,kıyafet
HBV00000QARAC,4,Ürün güzel fakat kargo paketi özensiz ürün muhtemelen eski sezon fiyat aldığımız fiyatın 3 de 1i olan etiketle geldi fiyat etiketi sökülse iyi olurdu kendinmizi kötü hissetmemizi sağladınız,3,kıyafet
HBV00000QARAC,5,Güzel yumuşak ve kaliteli bir ürün. Çok güzel beğendim tavsiye ederim. Çok güzel pamuklu bir kumaşı var.,5,kıyafet
HBV00000QARAC,6,"Rengi,duruşu ve kalitesi çok güzel bir ürün. Kesinlikle tavsiye ederim.",5,kıyafet
HBV00000QARAC,7,Aynı resimdeki gibi geldi teşekkürler.,5,kıyafet
HBV00000QARAC,8,"Ürünün fiyat güncelleme tarihi 2020,  üretim tarihi milattan önce sanırım. Böyle bir markaya yakıştıramadım",5,kıyafet
HBV00000QARAC,9,fiyat etiketinin üzerine baktığımızda ürünün  2020 ve 2021 yıllarına ait olduğu anlaşılıyor... fiyat etiketinin üzerindeki fiyattan da belli bu durum... 170-200tl fiyat aralığında... lufiana hiç yakışmayan bir satış stratejisi...,5,kıyafet
HBV00000QARAC,10,Göründüğü gibi güzel bir ürün.,5,kıyafet
HBV00000QARAC,11,Güzel ürün uygun fiyatlı kaliteli. Kumaş doku ve kalitesi çok iyi.,5,kıyafet
HBV00000QARAC,12,Kumaş ve kalitesi çok güzel. Kumaşı çok rahat ve şık. Duruşu çok şık ve rahat. Çok güzel pamuklu bir kumaşı var.,5,kıyafet
HBV00000QARAC,13,Gayet şık bir ürün kumaşı güzel.,5,kıyafet
HBV00000QARAC,14,Çok güzel geldi severek kullanıyorum.,5,kıyafet
HBV00000QARAC,15,Çok şık rahat kalıp tavsiye ederim.,5,kıyafet
HBV00000QARAC,16,ürünü satın aldıktan 1 gün sonra farklı bir sitede daha ucuzunu buldum 80 tl ve ürün tarafıma ulaşır ulaşmaz iade talebi oluşturdum.(jelatini dahi yoktu ve rengi soluktu)üzerimde denemedim ve kesinlikle yıkanmadı.buna rağmen ürün satışa uygun değildir diye reddettiler. resim çekip göndermişler.paramın hayrını inşallah görmezsiniz.rezil satıcı,5,kıyafet
HBV00000QARAC,17,Markanın ürünleri kalite konusunda oldukça iyi . Sezon öncesi indirimden aldım fiyat çok başarılı .,5,kıyafet
HBV00000QARAC,18,Çok güzel fotoğrafta görüldüğü gibi.,5,kıyafet
HBV00000QARAC,19,Çok iyi kumaşı ve kalıbı.,5,kıyafet
HBV00000QARAC,20,Beklenildiği gibi gayet güzel bir ürün.,5,kıyafet
HBV00000QARAC,21,Kumaşını çok beğendim eşime hediye aldım kendisi uzun şeyler giymez genelde boy olarak çok beğendi Bi beden büyük alabilirsiniz 1.69-77 kg M beden tam oturdu bi iki kilo alsa olmaz gibi o yüzden diğer renklerini L beden alıcam tavsiye ederim eğer kısa zamanda kullandıkca deforme veya solma olursa editlerim,5,kıyafet
HBV00000QARAC,22,Çok güzel beğendim tavsiye ederim.,5,kıyafet
HBV00000QARAC,23,Çok iyi,5,kıyafet
HBV00000QARAC,24,M beden aldım kalıbı biraz dar gibi yada benim göbeğim büyüdü :) L alsam nasıl olurdu diye düşünüyorum.,5,kıyafet
HBV00000QARAC,25,Bedeninizi alın tam oturuyor,5,kıyafet
HBV00000QARAC,26,Ürünler kaliteli ve Güzel Paketlenmiş,5,kıyafet
HBV00000QARAC,27,Ürünler kaliteli ve Güzel Paketlenmiş...,5,kıyafet
HBV00000QARAC,28,Göründüğü gibi kumaşı da kaliteli.  Cok rahat ve kaliteli bir urun.,5,kıyafet
HBV00000QARAC,29,Çok güzel pamuklu ve kaliteli tavsiye ederim.,5,kıyafet
HBV00000QARAC,30,Aynı resimdeki gibi geldi çok beğendim. Bu fiyata gayet güzel ürün. Çok tarz ve güzel bir ürün. Harika tavsiye ederim çok kaliteli. Göründüğü gibi güzel ve kaliteli.,5,kıyafet
HBV00000QARAC,31,Gorseldeki gibi gayet güzel ve kaliteli.,5,kıyafet
HBV00000QARAC,32,Çok güzel ve rahat bir ürün. Güzel ürün uygun fiyatlı tavsiye ederim. Kumaşı çok rahat ve şık.,4,kıyafet
HBV00000QARAC,33,Cok rahat ve guzel bir urun. Güzel yumuşak ve kaliteli tavsiye ederim.,5,kıyafet
HBV00000QARAC,34,Kaliteli bir işçilik.Likralı ve kalın bir kumaşa sahip.Kalıp olarak bedeninizi alabilirsiniz.,5,kıyafet
HBV00000QARAC,35,"Guzel,şık, kalitesi cok belli ama kumasi mevsim icin biraz kalin geldi bana.",4,kıyafet
HBV00000QARAC,36,Ürün en az 4.5 yıllık bir ürün yakasında gövde kısmında solmalar başlamış ilk aldığım ürün de delik çıktı bu üründe böyle geldi hiç yakışmadı,1,kıyafet
HBV00000QARAC,37,"Bedenininizin 1 büyüğünü alın , kumaşı hiç hoşuma gitmedi iade talep ettim",1,kıyafet
HBV00000QARAC,38,Aşırı güzel kumaşı var çok beğendim.,5,kıyafet
HBV00000QARAC,39,Aynı fotoğraftaki ürün gibi gayet güzel.,5,kıyafet
HBV00000QARAC,40,Çok güzel ve kaliteli teşekkür ederim.,5,kıyafet
HBV00000QARAC,41,"Aşırı güzel kumaşı var ve kaliteli., Gayet şık bir ürün teşekkür ederim., Harika kumaşı var sorunsuz alışveriş oldu., Çok güzel yumuşak bir kumaşı var., Çok tarz ve güzel bir ürün., Çok rahat ve kaliteli bir ürün teşekkürler.",5,kıyafet
HBV00000QARAC,42,Beğendim diğer renklerini de alacağım.,4,kıyafet
HBV00000QARAC,43,Aynı resimdeki gibi geldi çok beğendim. Cok rahat ve kaliteli bir urun.,5,kıyafet
HBV00000QARAC,44,Kumaş çok güzel tavsiye ederim. Kumaşı harika cok begendik tesekkurler. Cok rahat ve kaliteli bir urun.,5,kıyafet
HBV00000QARAC,45,Ürün kalitesi güzel.,5,kıyafet
HBV00000QARAC,46,Ürün çok eski solmuş artık uzerindede etikette 199 yazıyor çok kötü iade edeceğim,1,kıyafet
HBV00000QARAC,47,Güzel göründüğü gibi kaliteli bir ürün.,4,kıyafet
HBV00000QARAC,48,Çok şık,5,kıyafet
HBV00000QARAC,49,Fena değil,4,kıyafet
HBV00000QARAC,50,Güzel ve kaliteli bir ürün.,4,kıyafet
HBV00000QARAC,51,"Erkek arkadaşıma aldım, mankenin üstünden daha güzel durdu. Ona bi' kez daha aşık oldum :)",5,kıyafet
HBV00000QARAC,52,koltuk altı çok zayıf ürün hiç sağlam değil koltuk altları eriyor yırtılıyor tületici hakem heyeti suçu ban buldu iki ay geçmeden aynı marka tişörtlerin hepsinin koltuk altı deridi hiç sağlam değil verdiğiniz parayı hak etmiyor,1,kıyafet
HBV00000QARAC,53,Babama babalar günü hediyesi için aldim farklı şehirdeyiz çok beğenmiş kumaş kalitesi olsun renk olsun detaylar olsun ve kargoyada aynı gün verildi o güne yetiştirdiler sağolsunlar,5,kıyafet
HBV00000QARAC,54,Çok kaliteli bir ürün👍,5,kıyafet
HBV00000QARAC,55,"Tişört gayet kaliteli. Zaten Lufian ürünleri gerçekten çok kaliteli. 5-6 senedir bu markadan alışveriş yaparım ve 4 yıl önce aldığım tişörtler bile ilk günkü gibi sapasağlam duruyor. Ne renk soldu ne de çekme yaptı. Umarım bu kaliteyi sürdürürler. 
Bu arada 183 boy, 89 kg biriyim ve L beden tam oldu. Alacak olanlara referans olması için belirtmek istedim.",5,kıyafet
HBV00000QARAC,56,"Bedenim L tam oldu..81 kg 1,73 boy.. çok güzel görünüyor..havadan dolayı giyemedim daha",5,kıyafet
HBV00000QARAC,57,L Beden olan daha önce aldığım beyaz polo yaka lufian thsirte göre çok dar o sebeple iade,1,kıyafet
HBV00000QARAC,58,Renk tonu güzel gayet canlı bordo renk gayet şık güzel teşekkür ederim,5,kıyafet
HBV00000QARAC,59,bir ürünün bu kadar yakıştığını görmek ve kalitesi çevrem tarafından çok brģenilmesi beni inanılmaz mutlu etti.teşekkürler,5,kıyafet
HBV00000QARAC,60,HARİKA BİR ÜRÜN HERKESE TAVSİYE EDERİM TEŞEKKÜRLER,5,kıyafet
HBV00000QARAC,61,Lufian kalitesi,5,kıyafet
HBV00000QARAC,62,Gayet şık ve güzel bir ürün,5,kıyafet
HBV00000QARAC,63,Kaliteli ve kullanışlı. Verdiğiniz paraya değiyor. Yıkanma sonrası performansı göreceğiz...,5,kıyafet
HBV00000QARAC,64,Süper 🎉🎉🎉,5,kıyafet
HBV00000QARAC,65,Kalite li,5,kıyafet
HBV00000QARAC,66,Güzel lufian kalitesinde bir üründü şaşırtmadı,5,kıyafet
HBV00000QARAC,67,Harika ürün. 4 farklı rengi var bende. Polo yakada en sevdiğim marka. Tam bedeninizi alın.,5,kıyafet
HBV00000QARAC,68,Görseldeki renk değil.,4,kıyafet
HBV00000QARAC,69,Eşim için aldım.cok beğendi ve tam oldu.kargo bayram haftasi olmasına rağmen çok hızlı elimize ulaştı.tesekkurler..,5,kıyafet
HBV00000QARAC,70,Devamlı aldığım marka ah o renkler 6 ay sonra solmasa daha canlı kalabilse keşke.,5,kıyafet
HBV00000QARAC,71,Çok güzel severek kullanıyorum,5,kıyafet
HBV00000QARAC,72,kaliteli,5,kıyafet
HBV00000QARAC,73,Gayet kaliteli bir ürün .tam istediğim model beden oldu teşekkürler . kargo gayet hızlı paketleme özenli.,5,kıyafet
HBV00000QARAC,74,Hızlı kargo uygun fiyat tabiki lufian,5,kıyafet
HBV00000QARAC,75,Güzel bir ürün tavsiye ederim,5,kıyafet
HBV00000QARAC,76,Fiyatına göre kalitesi çok iyi,5,kıyafet
HBV00000QARAC,77,Bordo anlayışınıza hayran kaldım gerçekten. Bordo istiyoruz mor gönderiyorsunuz.,2,kıyafet
HBV00000QARAC,78,Ürün güzel fakat resimdeki renk ile alakası yok hatta bordo bile değil mor deseler daha uygun olur.,3,kıyafet
HBV00000QARAC,79,Farklı renk geldi,3,kıyafet
HBV00000QARAC,80,2 farklı renkte ürün almama rağmen lacivert olanın bedeni küçük geldi bariz bir şekilde belli oluyor renk canlı ve kaliteli,4,kıyafet
HBV00000QARAC,81,Söylediğim tüm ürünler çok kaliteli ve güzeldi.,5,kıyafet
HBV00000QARAC,82,Çok güzel bir ürün,5,kıyafet
HBV00000QARAC,83,Ürün kalitesi çok kötu aşırı bolarma yaptı,2,kıyafet
HBV00000QARAC,84,Güzel,4,kıyafet
HBV00000QARAC,85,"Kalite olarak cok guzel, ama reng yanlis geldigi icin iade ettim",4,kıyafet
HBV00000QARAC,86,Kaliteli şık,5,kıyafet
HBV00000QARAC,87,Kaliteli şık,5,kıyafet
HBV00000QARAC,88,Harika ve muhteşem ürün hepsiburada. com teşekkür ederim... baska siteler gibi siparişimi alıp ücretini alıp 10 gun sonra kargom eksik gondermediler... aldığım ürünü elimiIdenyok diye geri iade etmediler... televizyona bile çıktılar böyle yapan firmalae,5,kıyafet
HBV00000QARAC,89,Beğendim tam istediğim gibi,5,kıyafet
HBV00000QARAC,90,Çok güzel ve kaliteli,5,kıyafet
HBV00000QARAC,91,bir beden büyük alın,5,kıyafet
HBV00000QARAC,92,Güzel ürün.,5,kıyafet
HBV00000QARAC,93,"Lufian kalitesi, ürün güzel, tavsiye edilir",5,kıyafet
HBV00000QARAC,94,Cokiyi,5,kıyafet
HBV00000QARAC,95,"Bu markayı ilk defa kullandım. Çok memnun kaldım. Yıkadıktan sonra çekme vs olmadı. Kendi bedenimi sipariş etmiştim. Üzerime tam oldu. Diğer markalar sanırım indirim günlerine özel kalitesiz ürün üretiyor. İndirimde aldığım başka marka birkaç tişörtte ilk 2 3 yıkamada delinme, çekme vs gibi şeyler oldu. Ben de bu markayı denemek istedim. İyi ki de almışım.",5,kıyafet
HBV00000QARAC,96,Yuzde yuz pamuk kumas daha yumusak beklerdim ama güzel kaliteli duruyor,4,kıyafet
HBV00000QARAC,97,Kesinlikle mükemmel bir siyah,5,kıyafet
HBV00000QARAC,98,Rengi iyi canlı fakat yaz için biraz kalın bir kumaşı var. Yaka kısmının görüntüsünü de pek beğenemedim kumaş nedeniyledir belkide.,4,kıyafet
HBV00000QARAC,99,Kalitesi rengi çok güzel bir beden büyük alin,5,kıyafet
HBV00000QARAC,100,Orjinal ürün ve çok hızlı kargo bir günde elime ulaştı. Teşekkürler.,5,kıyafet
HBV00000QARAC,101,4 adet almıştım. Hiç birinin yaka düğmeleri kapanmıyor. Sanırım hatalı serileri indirim diye bize sattılar.,1,kıyafet
HBV00000QARAC,102,"Ürün çok kaliteli ve güzeldir. L geyirdim, L aldım. Fiyatı da uyğun. Her kese tavsiye ederim. Lufian mağazasına ve hepsiburada-ya teşekkürler.",5,kıyafet
HBV00000QARAC,103,Bordo istedim mor geldi. Paketlemi yapan arkadaşımızın renk körü olması dışında bi sorun lufian kalitesi belli zaten mor rengide bişekilde giyerim diye iadeyle uğraşmak istemedim.,4,kıyafet
HBV00000QARAC,104,normal iş görür derecede,4,kıyafet
HBV00000QARAC,105,Harika,5,kıyafet
HBV00000QARAC,106,XXL göre biraz dar kumaşı iyi ginişi iyi teşekkürler,4,kıyafet
HBV00000QARAC,107,Bedeninizi alin buyuk falan almayin. 178 boy 70 kiloyum yorumlardan M beden aldim kocaman geldi iade de etmedim terziye gotruurp daraltip kisalttim. Oysa direk S beden alsam tam olacakmis.,5,kıyafet
HBV00000QARAC,108,Bedeni küçük m oluyo normalde olmadı L ile değiştirmek gerekti,4,kıyafet
HBV00000QARAC,109,Ürün çok güzel daha önce mavisini almıştım başka bir siteden kaliteli olduğu için siyahını aldım bu sefer ama kalıpları bana farklı geldi aynı beden oldukları halde.Güzel kullanışlı kaliteli bir ürün.Bu fiyata alınabilir.,5,kıyafet
HBV00000QARAC,110,Güzel urun,5,kıyafet
HBV00000QARAC,111,Harika kalite. Piyasadaki kaliteli zannedilen birçok markadan iyi. Kesinlikle fiyatının üzerinde bir kalite sunuyor. Giyildiğindeki duruşu da gayet güzel,5,kıyafet
HBV00000QARAC,112,Arkadaşlar  gerçekten çok kaliteli ürün  ben burdayım diyor üzerine diktiysem valla bunu terzi  bu kadar beceremez  1.80 105 kg yalnış fit vücudum,5,kıyafet
HBV00000QARAC,113,Güzel,5,kıyafet
HBV00000QARAC,114,Ürün beklediğim gibi çıkmadı m beden istedik ö beden geldi doğru ama giydiğimiz xxl oluyor sihirli tişört adını koydum buna giymedim abime verdim,5,kıyafet
HBV00000QARAC,115,Lufian kalitesi elinize ürün geçer geçmez hissedilmektedir. M beden kendi bedenimi aldık çuk diye üzerime oturdu. Dar sevmeyenler bir büyük beden alsın. Kumaşı kaliteli ve kalındır. Kot üzerinden çok şık durmaktadır. Teslimat zamanında ve ambalaj iyi şekilde geldi. Kesinlikle tavsiye ederim.,4,kıyafet
HBV00000QARAC,116,Tek kelimeyle muhteşem.. tişört giymeyen birisi olarak bana tişörtü sevdirdi ya helal olsun lufian... vallahi bütün renklerini aldım gardolabıma..... teşekkürler HB...,5,kıyafet
HBV00000QARAC,117,Dar geldi ama ürün güzel,5,kıyafet
HBV00000QARAC,118,"Alan arkadaşlar ben normalde m bedenim ama kalıbı slim fit olduğu için L beden aldım kumaşı da kalıbı da herşeyi de mükemmel 
(kg 78 L Beden )",5,kıyafet
HBV00000QARAC,119,Çok güzel.Dokusu kaliteli fakat yaz için kalın.Uzun kollu olabilirdi bu kalite ve dokuda.Hayırlı işler.Bedenler fit.Bir beden büyük almalı bence.Hayırlı işler.Jüliyet,5,kıyafet
HBV00000QARAC,120,"ürün güzel, sürekli yakalı tişört ve mağazalardan aldığım lufian tişörtlerim var birtek bu kumaşta ter kokusu hemen çıkıyor anlamadım gitti...",5,kıyafet
HBV00000QARAC,121,Beyaz renginden almıştım. Kumaşı ve üzerime oturuşu çok hoşuma gitti. Bir de yeşilinden alayım dedim. Kalitesi hemen kendini belli ediyor zaten. Kendi bedeninizi alın.,5,kıyafet
HBV00000QARAC,122,Çok kalitesiz,1,kıyafet
HBV00000QARAC,123,"Arkadaşlar 1.75 boy 70 kilo olarak S beden aldım küçük geldi . Önceki Lufian tişörtüm gibi zannediyordum kesimleri farklıymış .
İade talebi oluşturdum M beden olarak değiştireceğim .
Lufian kalitesini anlatmaya gerek yok alın pişman olmazsınız",5,kıyafet
HBV00000QARAC,124,Ürün 10 numara kaliteli daha önce farklı satıcıdan almıştım 2 adet ve ne çekme ne renk atması oldu. Ama lufian orjinal satıcısı kolları defolu ürün gönderdi. İade etmek zorunda kaldım. Firmaya yakışmadı.,1,kıyafet
HBV00000QARAC,125,5 adet xxl ürün sipariş vermiştim bir tek lufian bedeni oldu. Gayet kaliteli tavsiye ederim,5,kıyafet
HBV00000QARAC,126,Gelen renk çok kötü resimdekiyle alakası yok,1,kıyafet
HBV00000QARAC,127,"Diğer markalara sakın para vermeyin 
 Hiç tereddüt etmeden alabilirsiniz hangi beden giyiyorsanız o beden de söyleyin tam gelecektir  176 77 Kg M beden",5,kıyafet
HBV00000QARAC,128,Ben ürünü çok beğendim. yeşil sipariş vermiştim ama canlı yeşil değilde soluk yeşil geldi. ama soluk olması daha iyiymiş. tavsiye ederim. bu fiyata bu kalite kaçmaz bence. bir sipariş daha verdim,5,kıyafet
HBV00000QARAC,129,Eğer bu orijinal ürünse lüfian kalitesini düşürmüş,1,kıyafet
HBV00000QARAC,130,"Kumaşı kalın ve boyu bedenine göre uzun olduğu için 4 yıldız veriyorum. Onun dışında çok kaliteli, esneme yapmıyor. Diğer renklerinden de aldım. Onların kumaşı kalın değil ve boyları normal.",4,kıyafet
HBV00000QARAC,131,Tişört güzel fakat bir beden büyük almak daha iyi olur kalıpları biraz küçük gelebilir,5,kıyafet
HBV00000QARAC,132,Teşekkür ederim hepsiburada,5,kıyafet
HBV00000QARAC,133,"170 cm 74 kg M beden tam oldu. Ürünler güzel görünüyor, umarım yıkandıktan sonra bozulmalar.",5,kıyafet
HBV00000QARAC,134,1.67 60 kilo biri olarak XS aldim cok guzel oldu ne dar ne genis tek sorun alt kismi biraz uzun onuda 1 cm. Kisaltinca sorun kalmadi,5,kıyafet
HBV00000QARAC,135,Kuması o kadar kaliteliki asla salma bollaşma yapmıyor yıllardır eşime kullandgm bir markadır pamuk asla polyester yok 🌷,5,kıyafet
HBV00000QARAC,136,Cok guzel bir ürün kumaşı da çok kaliteli duruyor 183 boy 91 kg L beden uygun geldi biraz bol sevenler bir beden büyük söyleyebilir,4,kıyafet
HBV00000QARAC,137,Harika bir ürün,5,kıyafet
HBV00000QARAC,138,efsane ürün kaliteli solma yapmadı en az 6-7 kez yıkandı tık yok ilk günki gibi,5,kıyafet
HBV00000QARAC,139,Kaliteli ama daha açık ton geldi,5,kıyafet
HBV00000QARAC,140,Çok kaliteli ve güzel ürün. Kendi bedeninizi alın. Azerbaycandan sipariş etmişdim. Ürünü çok beğendim. Teşekkürler.,5,kıyafet
HBV00000QARAC,141,Kaliteli bir tişört sadece bir gün giyebildim çiviyle takıldı yırtıldı,5,kıyafet
HBV00000QARAC,142,Sorunsuz bir şekilde teslim edilmiştir. Ürün görseldeki ile birebir aynıdır.,5,kıyafet
HBV00000QARAC,143,Ürün görseldeki ürünle birebir aynı geldi. Kalitesi çok iyi,5,kıyafet
HBV00000QARAC,144,Lufian markasının herşeyi çok kaliteli ürün tam istediğim gibi farklı renklerinden 4 tane aldım,5,kıyafet
HBV00000QARAC,145,"Ürün gayet güzel ve çok kaliteli. 175 cm, 88 kg XL tam oldu. Almak isteyenlere şiddetle tavsiye ederim.",5,kıyafet
HBV00000QARAC,146,Urun de beyaz beyaz lekeler var di geri gondermekle ugrasmadim sanirim indirim olunca kusurlulari gonderiyorlar bilginize,2,kıyafet
HBV00000QARAC,147,Harika,5,kıyafet
HBV00000QARAC,148,Bordo istedim mor geldi onun dışında gayet güzel 1.80 boy 85 kilo L beden tam oldu,5,kıyafet
HBV00000QARAC,149,Bu platformdaki en iyi mağaza tartışmasız LUFIAN  1.73 75 kılo m beden tam oldu 👍,5,kıyafet
HBV00000QARAC,150,"Lufiandaki tek sorun aynı model aynı ebat iki farklı renk arasında kalıp farkı olabiliyor, bunun harici kumaş kalitesi rengi kesimi çok güzel",4,kıyafet
HBV00000QARAC,151,Ürün fiyatına göre makul ben beğendim,5,kıyafet
HBV00000QARAC,152,Urunun kalitesi gayet iyi tabi renk atma konusu zamanla belli olur.Boy 1.80 kilo 98 xxl beden uydu.Tesekkurler..,5,kıyafet
HBV00000QARAC,153,"Kumaş kalitesi ,kesim, beden her şeyi ile süper.Tavsiye ederim.Çok beğendim",5,kıyafet
HBV00000QARAC,154,Tam bedeninizi alin esime cuk oturdu markayi bilen bilir zaten kalitesine lafim yok kumasini merak edenler icin kalin ve gayet kaliteli,5,kıyafet
HBV00000QARAC,155,"T-shirt elime ulaştı giymeden önce yıkattırıp giyecektim 40c yıkamama rağmen rengi soldu matlaştı. bana gelen ürünün sahte yada kusurlu olduğunu düşünüyorum, lufian kalitesini biliyorum büyle olmaması gerekiyordu. geri gönderecem inş telafi ederler.",1,kıyafet
HBV00000QARAC,156,Üründen çok memnunum fakat.. Bu renk burada bordo dıye satılıyor bildiğiniz mor geliyo.. Lufian  a yakıstıramadım..,1,kıyafet
HBV00000QARAC,157,"Beyaz renginin yakası yıkanırken yani ıslakken rengi mor gibi oldu, kuruyunca geçti gibi ama kumaş farklılığı olduğu için olabilir. Fena değil",3,kıyafet
HBV00000QARAC,158,Bu marka bu üründen diğer renklerden var bunun kesimi biraz daha slim,3,kıyafet
HBV00000QARAC,159,Ürün görselde bordo yazıyor görünüyor fakat elimize geçen ürün mor renkte geldi.,1,kıyafet
HBV00000QARAC,160,Efsane urun kalite kesinlikle tavsiye,5,kıyafet
HBV00000QARAC,161,1 beden büyük alın derim.,5,kıyafet
HBV00000QARAC,162,Tek kelimeyle muhteşem.....,5,kıyafet
HBV00000QARAC,163,Ürün güzel beğendim,5,kıyafet
HBV00000QARAC,164,Teşekkürler H.B kaliteli 185 boy kilo 100 XL alın,5,kıyafet
HBV00000QARAC,165,"Hafif boyu uzun, onun harici kaliteli",5,kıyafet
HBV00000QARAC,166,İsminin hakkını verdiği düşünüyorum,5,kıyafet
HBV00000QARAC,167,"Renk solma olayı olmuyor, kalıbı da çok güzel",5,kıyafet
HBV00000QARAC,168,"Kaliteli ürün,  cok uygun fiyat",5,kıyafet
HBV00000QARAC,169,"Hiç tereddüt etmeden alın.Diğer markalar lufian  yanında bir hiç.
176 78 kg M beden",5,kıyafet
HBV00000QARAC,170,"Güzel ama yorumlar kadar abartılı değil,  180 boy 98 kilo XXL tam oldu sipariş verirken referans olarak alabilirsiniz.",5,kıyafet
HBV00000QARAC,171,1.78 boy 86 kilo large beden tam oldu,5,kıyafet
HBV00000QARAC,172,Çok kaliteli bir durusu var düğmeleri tamamen kapanınca gomlekvari oluyor resmi yerlerdede rahatca giyebilirsiniz.,5,kıyafet
HBV00000QARAC,173,179 85 kilo XXL tam oldu. Alacaklar ona alsın. Ürün beklediğim gibi güzeldi.,5,kıyafet
HBV00000QARAC,174,1.83 boy 73 kg m tam oldu. Kalite bildiğiniz gibi. Kargo da iyiydi.,5,kıyafet
HBV00000QARAC,175,Yanlız yorumlara aldanmayın 90 kilo 1.80 boy XL dar oldu. XXL alın. Ürün mükemmel fiyat mükemmel.,5,kıyafet
HBV00000QARAC,176,Şık ve güzel ürün,4,kıyafet
HBV00000QARAC,177,Biraz dar geldi. Rengi kalitesi guzel,4,kıyafet
HBV00000QARAC,178,Bir beden büyüğünü alın. Çok güzel yeri var tavsiye ederim,5,kıyafet
HBV00000QARAC,179,Gerçekten çok beğendim,5,kıyafet
HBV00000QARAC,180,çok iyi oturuyor . kumaş hakkında söylenecek pek bişey yok . lufian farkı,5,kıyafet
HBV00000QARAC,181,"Çok iyi ürün , bedeninizi alın",5,kıyafet
HBV00000QARAC,182,Çok kaliteli,5,kıyafet
HBV00000QARAC,183,"Çok çok çok iyiydi. Tam bedenimi aldım tam oldu. 1,75 boy - 74 kg M beden",5,kıyafet
HBV00000QARAC,184,Lufian der susarım... Kaliteli ve çok şık bir ürün bedeninizin bi beden büyüğünu almalısıniz,5,kıyafet
HBV00000QARAC,185,Çok güzel ve kaliteli bir ürün..,5,kıyafet
HBV00000QARAC,186,Çok kaliteli ve kalıp çok iyi bundan sonra hep tercihimiz olacak,5,kıyafet
HBV00000QARAC,187,Kumaşı yumuşak gayet güzel,5,kıyafet
HBV00000QARAC,188,5 yıldız az abi ürün aşırı kaliteli avvaya bin basar,5,kıyafet
HBV00000QARAC,189,Tek kelimeyle mükemmel...,5,kıyafet
HBV00000QARAC,190,Kumaşı kalitesi çok güzel. Yıkandıktan sonra solma olmadı. Eşim severek giyiyor.,5,kıyafet
HBV00000QARAC,191,buz beyazı güzel ürün,5,kıyafet
HBV00000QARAC,192,Diger modele göre kumaş kalın biraz ama kaliteli ürün,4,kıyafet
HBV00000QARAC,193,Fotoğrafta göründüğünden biraz daha açık sarı. Ancak ürün kalitesi iyi,5,kıyafet
HBV00000QARAC,194,Kumaş kalitesi ve renklerin canlılığı başarılı.,5,kıyafet
HBV00000QARAC,195,"Çok çok çok iyiydi. Tam bedenimi aldım tam oldu. 1,75 boy - 74 kg M beden",5,kıyafet
HBV00000QARAC,196,Kumaşı ve kalıbı çok iyi 180 boy 85 kg L beden tam oturdu,5,kıyafet
HBV00000QARAC,197,Ürün güzel beğendim tşk ederim her kese tavsiye ederim,5,kıyafet
HBV00000QARAC,198,Tam istediğim gibi,5,kıyafet
HBV00000QARAC,199,"1.83 74 kg için m aldım, tam oldu. Kalite bildiğiniz gibi, kargo da iyiydi.",5,kıyafet
HBV00000QARAC,200,Çok dar kalıp,5,kıyafet
HBV00000QARAC,201,ürün çok güzel ve bedeni tam ama göbekli adam işi değil.,5,kıyafet
HBV00000QARAC,202,Like,5,kıyafet
HBV00000QARAC,203,Kaliteli kumaş güzel kalıp . Tam bedeninizi alın,5,kıyafet
HBV00000QARAC,204,Kalite akıyor üründen,5,kıyafet
HBV00000QARAC,205,Tek kelimeyle muhteşem...,5,kıyafet
HBV00000QARAC,206,"Ürün hızlı geldi.Fiyati iyidi.
Syg.",5,kıyafet
HBV00000QARAC,207,1.78 boy 86 kilo large beden tam oldu,5,kıyafet
HBV00000QARAC,208,Like,5,kıyafet
HBV00000QARAC,209,Ürün çok güzel fakat bedeninizden 1 beden  büyük alın derim.,5,kıyafet
HBV00000QARAC,210,"Görseldeki  gibi,  1  günde  teslim edildi.  Çok  kaliteli  bir  kumaşı  var.",5,kıyafet
HBV00000QARAC,211,"Kumaşı falan kaliteli, güzel bir ürün ama kalıbı biraz dar. Alacaklar ona göre alsın onun haricinde alan memnun kalır diye düşünüyorum",4,kıyafet
HBV00000QARAC,212,Resimde göründüğü gibi kaliteli tavsiye edilir,5,kıyafet
HBV00000QARAC,213,Ürün cok guzeldi sadece dar kalip oldugu icin bedeni olmadi,5,kıyafet
HBV00000QARAC,214,HARİKA TEK KELİMEYLE,5,kıyafet
HBV00000QARAC,215,Renk beklediğimden daha güzel kalıpları biraz küçük gibi ama hangi ebatta giyiyorsanız ona göre sipariş verebilirsiniz.,5,kıyafet
HBV00000QARAC,216,Süper kaliteli bir ürün poloymuş lacosmuş sakın onlara para vermeyin lufian onlara beş basar harika bir ürün tesekkürler lufian.,5,kıyafet
HBV00000QARAC,217,"Dar kalıp,büyük beden alın",4,kıyafet
HBV00000QARAC,218,Beş yildiz,5,kıyafet
HBV00000QARAC,219,"Beden ve kalite çok iyi geldi, fakat fotoğrafta ki gibi renk değil.",4,kıyafet
HBV00000QARAC,220,Kumaş kalitesi ve renklerin canlılığı çok başarılı.,5,kıyafet
HBV00000QARAC,221,Resimde göründüğü gibi kaliteli tavsiye edilir,5,kıyafet
HBV00000QARAC,222,Ürün fiyat fayda kıyaslamasında bedava gibiydi,5,kıyafet
HBV00000QARAC,223,"Rengi güzel, kalıbı iyi, 1,70 boy ve 65 kilo tam oturdu.",5,kıyafet
HBV00000QARAC,224,180 boy 90 kilo L beden oldu,5,kıyafet
HBV00000QARAC,225,Çok rahat bir ürün..,5,kıyafet
HBV00000QARAC,226,Güzel gayet kaliteli m giyerim m aldım tam oldu sorun yok yalnız resimde çok parlak duruyor rengi okadar canlı değil kalitesi güzel,4,kıyafet
HBV00000QARAC,227,Güneş yanıkları var kırış kırış,1,kıyafet
HBV00000QARAC,228,Beden farklı mağaza l benden ile burdan aldığım l beden farklı ve kalitesiz,1,kıyafet
HBV00000QARAC,229,Renk farklı geldi,1,kıyafet
HBV00000QARAC,230,Farklı renk göndrildi.,1,kıyafet
HBV00000QARAC,231,Koltuk altı delik geldi!!!,1,kıyafet
HBV00000QARAC,232,Lufian markasına yakışmadı normal bir ürün,3,kıyafet
HBV00000QARAC,233,Görseldeki renk ve ürün rengi çok farklı çimento yeşili,2,kıyafet
HBV00000QARAC,234,Teşekkürler,5,kıyafet
HBV00000QARAC,235,"Ürün slim fit, bir beden büyük alınabilir",4,kıyafet
HBV00000QARAC,236,188 boy 94 kilo XL aldım büyük geldi,4,kıyafet
HBV00000QARAC,237,Gerçekten her yönüyle çok şık ve kaliteli.Bedeni tam oldu.,5,kıyafet
HBV00000QARAC,238,Ürün çok güzel ve kaliteli…,5,kıyafet
HBV00000QARAC,239,Çok iyi,5,kıyafet
HBV00000QARAC,240,Çok iyi,5,kıyafet
HBV00000QARAC,241,Rengi on numara 5yıldız,5,kıyafet
HBV00000QARAC,242,çok memnun kaldım ikinciyi aldım,5,kıyafet
HBV00000QARAC,243,Güzel ve yakışıklı,5,kıyafet
HBV00000QARAC,244,Ürün iyi. %100 pamuk. Daha giyinmedim ama fena durmuyor. Paketleme kötüydü daha iyi olabilirdi.,4,kıyafet
HBV00000QARAC,245,Ürün güzel ve kaliteli ancak boyu uzun küçük beden alacaklar boyu ile ilgli sorun yaşayabilir ben kestireceğim onun haricinde problem yok,4,kıyafet
HBV00000QARAC,246,"Güzel ürün,hızlı teslimat satıcıya teşekkürler",5,kıyafet
HBV00000QARAC,247,Kalite,5,kıyafet
HBV00000QARAC,248,Çok güzel ürün,5,kıyafet
HBV00000QARAC,249,Güzel ürün,4,kıyafet
HBV00000QARAC,250,Bir beden büyüğünü almanızı öneririm. Ürün güzel.,5,kıyafet
HBV00000QARAC,251,Gayet  güzel  tam  beden  ölçüsü  alın,4,kıyafet
HBV00000QARAC,252,Kalite,5,kıyafet
HBV00000QARAC,253,Lufian şıklığı bir sey demeye gerek yok,5,kıyafet
HBV00000QARAC,254,Gayet kaliteli ve uygun fiyat,5,kıyafet
HBV00000QARAC,255,Çok güzel ve çok kaliteli bir kumaşı var herkese tavsiye ederim,5,kıyafet
HBV00000QARAC,256,Lufian teşekkürler,5,kıyafet
HBV00000QARAC,257,Fiyatına göre çok iyi bir ürün normal kullandığınız beden sipariş verin,5,kıyafet
HBV00000QARAC,258,Solmuş bir renk gönderilmiş. Lufian kalitesine yakıştıramadım.,2,kıyafet
HBV00000QARAC,259,Çok güzel kaliteli alacaklar tereddüt etmeden alabilir,5,kıyafet
HBV00000QARAC,260,Kaliteli güzel,4,kıyafet
HBV00000QARAC,261,Güzel kaliteli,4,kıyafet
HBV00000QARAC,262,Eşime hediye olarak aldım kalitesi harika,5,kıyafet
HBV00000QARAC,263,"güzel kalıp, lufian'a göre de gayet uygun fiyatlı. alınır",5,kıyafet
HBV00000QARAC,264,Kumaşı çok kaliteli ve şık,5,kıyafet
HBV00000QARAC,265,Süper Ürün kalitesi markada saklı,5,kıyafet
HBV00000QARAC,266,Teşekkürler,5,kıyafet
HBV00000QARAC,267,Gerçek Lufian kalitesi tam bedeninizi alın,5,kıyafet
HBV00000QARAC,268,"Yoruma gerek varmı 
5 renk aldım
Tek kelimeyle süper",5,kıyafet
HBV00000QARAC,269,Duruşu ve kalıbı güzel,5,kıyafet
HBV00000QARAC,270,Çok kaliteli ama biraz kalın. Yazın terletecek gibi duruyor.,5,kıyafet
HBV00000QARAC,271,Kalite,5,kıyafet
HBV00000QARAC,272,kaliteli,5,kıyafet
HBV00000QARAC,273,kaliteli,5,kıyafet
HBV00000QARAC,274,"kalıbı, kumaş kalitesi, çok iyi.",5,kıyafet
HBV00000QARAC,275,"Güzel ürün,hızlı teslimat satıcıya teşekkürler",5,kıyafet
HBV00000QARAC,276,Boy 180 kilo 95 xxl alınız fiyatında kalitesinde iyi,5,kıyafet
HBV00000QARAC,277,Lufian kalitesi tartışılmaz. Tam bedeninizi alın,5,kıyafet
HBV00000QARAC,278,Rengi fotoda görüldüğü kadar canlı değil,4,kıyafet
HBV00000QARAC,279,Güzel,5,kıyafet
HBV00000QARAC,280,"Yoruma gerek varmı 
5 renk aldım
Tek kelimeyle süper",5,kıyafet
HBV00000QARAC,281,Kaliteli ve uygun fiyat.....,5,kıyafet
HBV00000QARAC,282,"Kaliteli, güzel bir ürün. Tavsiye ederim.",5,kıyafet
HBV00000QARAC,283,çok kaliteli ve güzel,5,kıyafet
HBV00000QARAC,284,Güzel bir ürün,5,kıyafet
HBV00000QARAC,285,Kumaşı kaliteli.,4,kıyafet
HBV00000QARAC,286,ürün çok güzel kaliteli tavsiye ederim.,5,kıyafet
HBV00000QARAC,287,Çok iyi,5,kıyafet
HBV00000QARAC,288,"Gorseldeki gibi parlak renk değil mat renk 
İdare eder",4,kıyafet
HBV00000QARAC,289,Teşekkürler,5,kıyafet
HBV00000QARAC,290,Kaliteli ürün. Tam bedeninizi alın,5,kıyafet
HBV00000QARAC,291,Kaliteli renk bir tık acik,5,kıyafet
HBV00000QARAC,292,Harıka aldım çok gusel,5,kıyafet
HBV00000QARAC,293,Harika fakat ateş kırmızı ona göre alın,5,kıyafet
HBV00000QARAC,294,"Kalıbı güzel, boyu uzun biraz terziden kisalttirmak gerekiyor, kumas kalitesi daha iyi olabilirdi",4,kıyafet
HBV00000QARAC,295,Orijinal kaliteli ürün,5,kıyafet
HBV00000QARAC,296,Güzel ancak resimde görüldüğü kadar parlak değil normal tshirt lere göre kalitesi belli tam bedenimi aldım tam oldu,4,kıyafet
HBV00000QARAC,297,Ürün görselde sununlan ürün ile hiç alakası yok ense iç etiketi bile farklı görseldeki renk deseniz hiç benzemiyor iade talebinde bulundum 2 adet almıştım sonucu görcez,1,kıyafet
HBV00000QARAC,298,renk çok kötü,1,kıyafet
HBV00000QARAC,299,Soldu,1,kıyafet
HBV00000QARAC,300,Ürünü bir takım kampanyalar ile aldım ki alma sebebim de zaten bu kampanyalar oldu. Resimdeki ürün ile gelen arwsinda ki farkın yorumunu sizlere bırakıyorum,1,kıyafet
HBV00000QARAC,301,Bedenler normale göre biraz dar ona göre alın onun dışında ürün güzel…,4,kıyafet
HBV00000QARAC,302,Renk konusunda aldatıyorlar,1,kıyafet
HBV00000QARAC,303,Güzel  ürün,4,kıyafet
HBV00000QARAC,304,Ürün çok güzel tavsiye ederim ☺️,5,kıyafet
HBV00000QARAC,305,"Kargo zamanında ulaştı , ürün de kalitesini bildiğimiz bir ürün",4,kıyafet
HBV00000QARAC,306,Mükemmel 🤩,5,kıyafet
HBV00000QARAC,307,Güzel,4,kıyafet
HBV00000QARAC,308,7 yıldız,5,kıyafet
HBV00000QARAC,309,Kaliteli,5,kıyafet
HBV00000QARAC,310,Ürün guzel,5,kıyafet
HBV00000QARAC,311,Ürün tam istediğim gibi çok güzel. Kesinlikle tavsiye ediyorum 😊,5,kıyafet
HBV00000QARAC,312,Lufian kalitesi ve hepsiburada ozeni.tam kalip renk gozuktugu gibi,5,kıyafet
HBV00000QARAC,313,Lufian,4,kıyafet
HBV00000QARAC,314,Bedenler normale göre biraz dar ona göre alın onun dışında ürün güzel…,4,kıyafet
HBV00000QARAC,315,1.70 boy 77 kg L dar geldi,4,kıyafet
HBV00000QARAC,316,Teşekkürler,5,kıyafet
HBV00000QARAC,317,beden tam.ürün güzel.paketleme özensiz olsada hızlıca ulaştı.,4,kıyafet
HBV00000QARAC,318,Kaliteli tam beden uyumu mükemmel,4,kıyafet
HBV00000QARAC,319,Şık.,5,kıyafet
HBV00000QARAC,320,Hızlı gönderi iyi paket,4,kıyafet
HBV00000QARAC,321,Güzel kalıp,5,kıyafet
HBV00000QARAC,322,Güzel,4,kıyafet
HBV00000QARAC,323,İyi guzell,5,kıyafet
HBV00000QARAC,324,Kumaş kalitesi güzel bedeniniz ne ise onu alın ben çok dar sevmediğim için dar kalıplarda bir beden büyüğünü aldım,5,kıyafet
HBV00000QARAC,325,Kargo hızlı ürünler güzel.,5,kıyafet
HBV00000QARAC,326,Sanırım bana satıştaki üründen farklı renk gönderildi yanlışlıkla elime geçen ürün koyu değil aksine soluk yıkanmış bir yeşil,1,kıyafet
HBV00000QARAC,327,"Görselde ki yeşil değil soluk yeşil geldi, satılmayan renkleri internetten alışveriş te gönderiyorlar, belki geri göndermez diye ki işe yaradı ben geri göndermedim, ama güvenilmez satıcı..",1,kıyafet
HBV00000QARAC,328,Görselde sunulan ürün gelmedi iç ense etiklerine kadar farklıydı ürünün rengi desen görselleri ile hiç alakası yok,1,kıyafet
HBV00000QARAC,329,Alti etek gibi durdu cok uzun,1,kıyafet
HBV00000QARAC,330,Ürünler aynı resimdeki gibi geldi ama kargo firmasına bağlı olarak gecikti 2 gün.,3,kıyafet
HBV00000QARAC,331,Anlatıldığı gibi abartılacak bir şey yoktur. Orta kalite denilebilir.,3,kıyafet
HBV00000QARAC,332,"fiyat ve kalite çok iyi, sadece ürünün boyo uzun, eşdeğeri ürünlere göre  oldukça..",4,kıyafet
HBV00000QARAC,333,Güzell,4,kıyafet
HBV00000QARAC,334,👍 iyi,5,kıyafet
HBV00000QARAC,335,Kalite kalite ve kalite. Çok iyi.,5,kıyafet
HBV00000QARAC,336,Gayet güzel ve bu fiyata oldukça kaliteli,5,kıyafet
HBV00000QARAC,337,Basarili,5,kıyafet
HBV00000QARAC,338,Ürün güzel fakst lütfen görseli değiştirin koyu yeşil gibi duruyor. Koyu yeşil sanıp aldım daha net bir görsel olsa siyah olduğunu anlayabiliriz,1,kıyafet
HBV00000QARAC,339,"Ürün rengi bordo sipariş verdik, arkadaşlar hiç bordo renk görmemişler heralde patlıcan moru geldi. Güvenilmez satıcı",1,kıyafet
HBV00000QARAC,340,Kucuk cikti iade ettim,3,kıyafet
HBV00000QARAC,341,Kucuk cikti iade ettim,3,kıyafet
HBV00000QARAC,342,Ürün kaliteli piyasadaki tşörtlere göre daha kalın 1.80 boy 90 kg  beden olarak L aldım tam oldu.,5,kıyafet
HBV00000QARAC,343,Kalıp kalıbı tutmuyor,3,kıyafet
HBV00000QARAC,344,"rengi soluk, malzeme kalitesi fena değil",3,kıyafet
HBV00000QARAC,345,ÜRÜN BEŞ PARA ETMEZ NORMAL PİYASA MALI,1,kıyafet
HBV00000QARAC,346,Renk farklı idare eder,3,kıyafet
HBV00000QARAC,347,İdare eder bir sezon,3,kıyafet
HBV00000QARAC,348,Ürünün siyahına bayıldım.  2 tane almıştım vücutta oturuşu çok iyi fakat 1 yıldız vermemin sebebi urun bordo olarak adlandirilsada bildiğiniz MOR Renk bunu bilerek alın ben iade ettim.,1,kıyafet
HBV00000QARAC,349,Ürün güzel kaliteli kumaştan(piyasadakilere göre bir tık kalın) kesimi iyi. 1.80 boy 90 kg Beden L tam oldu.,5,kıyafet
HBV00000QARAC,350,3 xl aldık düdük gibi geldi kaldı ki ben 2 xl giyerim az dökümlü olsun istedim. Streç filme sarılmış gibi oldum.,1,kıyafet
HBV00000QARAC,351,Beklediğim renk  gelmedi,2,kıyafet
HBV00000QARAC,352,Kumaşı duruşu çok güzel..Almayan üzülür😀...,5,kıyafet
HBV00000QARAC,353,teşekkürler çok güzel,5,kıyafet
HBV00000QARAC,354,Urun dokusu cok rahat degil lufian ama 1.sinif degil gibi,2,kıyafet
HBV00000QARAC,355,Kalite,5,kıyafet
HBV00000QARAC,356,Fotoğrafta göründüğü gibi rengi parlak değil aldığıma pişman oldum mümkünse iade etmek istiyorum,1,kıyafet
HBV00000QARAC,357,Ürünleriniz iyi olabilir ama çekimleri kim yapıyorsa resimle gelen ürün aynısı olursa memnun oluruz,1,kıyafet
HBV00000QARAC,358,Anlamsız uzun geldi resmen dizime geliyor,1,kıyafet
HBV00000QARAC,359,Kaliplar cok dar ve kotu,1,kıyafet
HBV00000QARAC,360,Kumaşı güzel degil,1,kıyafet
HBV00000QARAC,361,Tişört kaliteli fakat bu rengi değil bana gönderilen mavi renk tişört.. büyük bo markanın yapması sasirtici,1,kıyafet
HBV00000QARAC,362,Gelen ürün ile resimdeki ürünün rengi aynı değil. Bugün 30 derece yıkandı ve tshirt çekti. Giyemeden küçüldü.,1,kıyafet
HBV00000QARAC,363,Gelen ürün ile resimdeki ürünün rengi aynı değil. Bugün 30 derece yıkandı ve tshirt çekti. Giyemeden küçüldü.,1,kıyafet
HBV00000QARAC,364,hiçbir markanın XL' ı birbirini tutmuyor,3,kıyafet
HBV00000QARAC,365,Ürünün kalıbı dar. Ayrıca görseldeki renk tonu farklı.,3,kıyafet
HBV00000QARAC,366,Çabuk deforme oldu,3,kıyafet
HBV00000QARAC,367,Ürün yeşil eve gelen fume,1,kıyafet
HBV00000QARAC,368,Ürünü sipariş ettikten 13 gün sonra elime ulaştı çok geç kargoya verildi ayrıca ben bordo renk sipariş verdim mor renk t shirt geldi.,1,kıyafet
HBV00000QARAC,369,"Çok beğendim ve kaliteli 
Hepsiburada ya teşekkür ederim",5,kıyafet
HBV00000QARAC,370,Alti cok uzun xs almama ragmen rengide gorundugu gibi canli deyil,1,kıyafet
HBV00000QARAC,371,Rengi soluklu iade ettim,2,kıyafet
HBV00000QARAC,372,Teşekkür ederim emeği geçenlere güzel ürün hızlı teslimat,5,kıyafet
HBV00000QARAC,373,"Uzun boylular için uygun değil,boyu kısa",1,kıyafet
HBV00000QARAC,374,30 derece yıkandı ve tshirt çekti. Giyemeden küçüldü.,1,kıyafet
HBV00000QARAC,375,Kalite açısından başarısız buldum,1,kıyafet
HBV00000QARAC,376,Kalıbı çok dar ayrıca boyu çok uzun iade ile uğraşmak istemedim yeğene  verdim alacaksanız bunları göz önünde bulundurarak alın,1,kıyafet
HBV00000QARAC,377,İyi bi seçim değil,1,kıyafet
HBV00000QARAC,378,30 derece yıkandı ve tshirt çekti. Giyemeden küçüldü.,1,kıyafet
HBV00000QARAC,379,Kumaşı kalın ve bel kısmı uzun geldiği için iade ettik. Kalıbı da biraz geniş,3,kıyafet
HBV00000QARAC,380,güzel ürün harika fiyat,4,kıyafet
HBV00000QARAC,381,30 derecede İlk yıkamada rengi gitti,1,kıyafet
HBV00000QARAC,382,27 mayıstan beridir hala ses yok bütün telefonlar dahil herşeyi denedim ama maalesef aynı anda yaptıgım sipariş in bir tanesi geldi digerinden haber yok,1,kıyafet
HBV00000QARAC,383,Bunlarin 4XL'i Baska firmalarin 2XL'den daha kucuk. Rezalet. direkt iade,1,kıyafet
HBV00000QARAC,384,Güzel,5,kıyafet
HBV00000QARAC,385,Bunlarin 4XL'i Baska firmalarin 2XL'den daha kucuk. Rezalet. direkt iade,1,kıyafet
HBV00000QARAC,386,Urun cok kalitesiz tavsiye etmem,2,kıyafet
HBV00000QARAC,387,Ben S beden giyiyorum ama bu bana büyük oldu,1,kıyafet
