id,comment,star,label,kategori
1,İyi sadece bi tık geniş ama rahat,5,1,ayakkabı
2,Fiyatına göre gayet iyi ve kaliteli duruyor. Ufak tefek defolar mevcut tabi orjinal olmadığından ama göze batan çok bir şey yok,5,1,ayakkabı
3,Fiyata göre performans gayet iyi. Öneririm,4,1,ayakkabı
4,İndirimde denemek amaçlı aldım. Ederi 200 tl yi geçmez. Kokulu taban. Kalitesi eh işte. Bir daha alacağımı sanmıyorum.,3,0,ayakkabı
5,Eşim ayakkabı konusunda baya seçiçi öyle her ayakkabıyı alıp giymez ama burdan ikinci alışımız gayet rahat ediyor kargo özenli ve sıkıntısız olarak zamanında geldi elinize emeğinize sağlık hayırlı işler bol kazançlar dilerim,5,1,ayakkabı
6,"ürünü beğendim, tek sorun neden kutusu yırtık ve açık geldi onu anlamadım ? ayakkabı büyük ihtimal reyon ayakkabısı idi onu gönderdiniz bana",5,1,ayakkabı
7,İlkin biraz sıktı ama açıldı gayet kullanışlı ve dayanıklı sanırım göreceğiz,5,1,ayakkabı
8,Gayet kaliteli kullanışlı bir ayakkabı bir kaçgün içinde elime ulaştı teşekkürler.,5,1,ayakkabı
9,Çok süper bir ürün hemde çok uygun fiyatlı vallahi 2 tane aldım,5,1,ayakkabı
10,Kalıbı biraz büyük ama kalitesi belli,5,1,ayakkabı
11,Resimdeki göründüğü gibi geldi.paketleme guzeldi.Kargom hızlı geldi.Ayak numaranizin dışında 1 numara büyük alina bilir.,4,1,ayakkabı
12,Tek kelime ile parasının hakkını veriyor,5,1,ayakkabı
13,Kalite iyi değil tabanı hiç iyi değil renk ayağına geçiyor,5,0,ayakkabı
14,Gerçekten çok güzel hayırlı işler dilerim,5,1,ayakkabı
15,ürünler yeni ulaştı kaliteli gözüküyor giymedim bu markadan daha önce giymiş tim kaliteliydi,4,1,ayakkabı
16,Fiyatına göre güzel sadece renk verdi,4,0,ayakkabı
17,Çok begenerek aldık aldığımız gıbı geldı tam kalıp alın,5,1,ayakkabı
18,Ürün güzel kaliteli ama biraz ağır bi ürün ve 1 numara değil 2 numara küçük alınmalı kalıp çok büyük,4,1,ayakkabı
19,Güzel ayakkabı kalitesi de iyi alınır,4,1,ayakkabı
20,Ayakkabı güven veren bir yapıya sahip ayakta fazla durduğunuzda yoruyor bu konuda çalışma yapılır ve tabanlıkları daha rahat olursa emin olun daha değerli bir ürün haline gelir yorumları mağazaya iletiniz lütfen,5,0,ayakkabı
21,Beğendim benim favori ayakkabım zaten teşekkür ederim,5,1,ayakkabı
22,Kaliteli,5,1,ayakkabı
23,Tam numara alin çok kaliteli bir urun,5,1,ayakkabı
24,Resmen defolu geldi ayakkabı kesinlikle almayın babalar günü için babama aldım madur ettiniz iadem umarım hemen alınır,5,0,ayakkabı
25,Derisi çok güzel çok rahat eşime aldım normal kalıp ayak numarası neyse onu aldım tam oldu f/p,5,1,ayakkabı
26,Hakiki deri olan hers eyi severim,5,1,ayakkabı
27,1 numara küçük alınabilir . Kaliteli güzel ayakkabı,5,1,ayakkabı
28,Süper,5,1,ayakkabı
29,Köye bile götürdüm çamura girdim yıkadım valla yine bir şey olmadı,5,1,ayakkabı
30,beklediğim gibi geldi. fiyat performans ürünü.,5,1,ayakkabı
31,Tam istediğim gibi. Görseli aynasıdır. Sanırım yarım kalıb büyük. Buda iyi bir şeydir.,5,1,ayakkabı
32,Numarası ayağıma uygun geldi. Modelini de çok beğendiğim teşekkür ediyorum,5,1,ayakkabı
33,"Kargolama yerinde, ürün gayet iyi. Ayak numaranızın 1 düşüğünü alın ki orijinalinde dahi ayak numaranızın bir düşüğü gidiyor.",5,1,ayakkabı
34,"Kalıbı biraz küçük, bana oldu, gerçekten güzel ayakkabı",5,1,ayakkabı
35,Resimdeki gibi kalşteli,5,1,ayakkabı
36,"Ayakkabı gerçek deri, dikiş işçiliği sağlam ve özenli gözüküyor.",5,1,ayakkabı
37,Bana göre iyi en azından ayağım rahat etti,4,1,ayakkabı
38,2.5tan 3. Son zamanlarda aldığım en kötü yan sanayi dexter. İlk günden aşırı terletti. Üç kısmı özensiz dikilmiş.,3,0,ayakkabı
39,Ürün güzel parasına göre bir numara küçük alın,4,1,ayakkabı
40,İyi görünüyor biraz dar,5,1,ayakkabı
41,Ayakkabı çok rahat çokta guzel,5,1,ayakkabı
42,Fiyatına göre kaliteli ürün teşekkürler,5,1,ayakkabı
43,Lacivert kahverengi detaylı modeli sipariş verdim düz kahverengi gönderilmiş satıcıya dikkatsizliği yuZunden notum tek yildiz,1,0,ayakkabı
44,"İstediğim bağcıksız ayakkabıydı, bağcıklı geldi,kalitesi de resimlerde görüldüğü gibi değil, tavsiye etmiyorum.",1,0,ayakkabı
45,"Tam kalıp geldi, uzun soluklu bilmiyorum ama şimdilik iyi. Yumuşak bir dokusu var ayağı yormuyor",5,1,ayakkabı
46,Ürün fiyatına göre fena değil gorseldeki gibi Dexter yazısı yok tabanı da kötü yapılmış,3,0,ayakkabı
47,"Gelen ürün; Görselinde görünür renkte değil, geldiğinde gayet güzel görünüyor. İlk giydiğimde sağ ayakkabının üst dikişi 5 cm. Boyunda açıldı. Giydiğim için de iade edemedim. Maalesef böyle bir şey başıma geldi.",2,0,ayakkabı
48,Gorseldeki urunum zamaninda geldi tesekkurler,5,1,ayakkabı
49,Çok iyi tereddüt ederek almıştım ama o kadar memnun kalacağımı bilsem hiç düşünmezdim,4,1,ayakkabı
50,Görseller gerçeği yansıtmıyor. Gelen ürün görsel olarak benzese de kalite olarak alakasız. Fotoğraflarda daha yüksek kaliteli malzeme ile üretilmiş ürünler olabilir.,3,1,ayakkabı
51,Bir numata küçük alinmali,5,1,ayakkabı
52,Hakiki deri diye aldık inşallah öyledir,5,1,ayakkabı
53,Fiyatına göre gayet iyi ve kaliteli,5,1,ayakkabı
54,Orijinal değil ama sağlam duruyor fiyat performans ürünü ben beğendim,5,1,ayakkabı
55,Şık rahat bir ayakkabı beklediğimiz gibi geldi,5,1,ayakkabı
56,Numaranıza göre alabilirsiniz gayet güzel kaliteli ayakta duruşu çok iyi,5,1,ayakkabı
57,Kendi numaramın 1 küçüğü bile büyük oldu. Bu nasıl bir kalıptır anlamadım. İade ettim.,1,0,ayakkabı
58,Kalıbı çok büyük kesinlikle bir numara küçük alın.,3,0,ayakkabı
59,Çok kalitesiz dikişler iki aydır içinde patladı,1,0,ayakkabı
60,ÜRÜN TAM FİYATININ ÜRÜNÜ AMA ÇOK KALİTE BEKLEMEYİN,3,1,ayakkabı
61,Dışı iyide bu içindekiler ne onu anlamadım. Fena değil alınabilir,4,1,ayakkabı
62,Ürün güzel 1 numara büyük geldi. Geri iade edip bir numara küçüğünü sipariş ettim.,5,1,ayakkabı
63,Ürün güzel ama bir numara büyük geldi. İade edip bir numara küçüğünü sipariş verdim.,5,1,ayakkabı
64,Gayet rahat ve şık,5,1,ayakkabı
65,Şık ve kullanışlı,5,1,ayakkabı
66,Güzel,4,1,ayakkabı
67,Rahat kullanışlı,5,1,ayakkabı
68,Tabanı çok sert. İçine Tabanlık almak gerek.,3,0,ayakkabı
69,Çok sert ve kullanışsız ayağı acıtıyor,1,0,ayakkabı
70,"Uğraşmamak adına iade etmiyorum, ürün elime bugün ulaştı, üründe bıçak kaçtığını dediğimiz kesikler mevcut halka arz etmeden kontrol ederseniz daha doğru olur.",3,0,ayakkabı
71,Fena değil daha önce aynisinda almıştım daha kaliteliydi,2,1,ayakkabı
72,Tam ayağıma göre güzel .,5,1,ayakkabı
73,Ürünler fiyatına göre iyi 2 tane indirimli aldım.,5,1,ayakkabı
74,Ürün kaliteli bağciklari kalın olduğu için zor baglaniyor,5,1,ayakkabı
75,Güzel ve rahat tam fiyat performans ürünü. Yazın vazgeçilmezi,5,1,ayakkabı
76,Bu tarz ayakkabıları tercih edenler için iyi bir seçim olabilir f/p ürünü güzel . Normal ayak numaranızı tercih edebilirsiniz. Satıcıya teşekkür ederim.,5,1,ayakkabı
77,Hızlı geldi ürün güzel sadece baciklari sert cabuk cozukuyor,5,1,ayakkabı
78,Beş para etmez bir ürün kesinlikle tavsiye etmiyorum fazlasıyla defolu bir üründür vaktim olmadigi için iade etmiyorum ama bu firmadan da artık birseh almam,1,0,ayakkabı
79,Fena değil,3,1,ayakkabı
80,Ayakkabı çok rahat ve yumuşak.,5,1,ayakkabı
81,Beklentimin üzerinde çoktı.gayet güzel. Tavsiye ederim,5,1,ayakkabı
82,Eşime almıştık çok memnun kaldı kalitesi mükemmel,5,1,ayakkabı
83,Dar kalıp ve birde tabana konan destek ayak acıtıyor ve ayak ağrıtıyor,4,0,ayakkabı
84,Dar kalıp ayak tabanında bulunan destek ayak acıtıyor ve ağrıtıyor,4,0,ayakkabı
85,Sadece bir numara küçüğünü alın bana bol geldi 44 giyerim sürekli,5,1,ayakkabı
86,Ürün bugün elime geçti ama ürün defolu vede ve tavanı çok kötü kavuçuk kokuyor,1,0,ayakkabı
87,Beklediğimden çok çok kötü rahat değil çok sert hiç tavsiye etmiyorum,1,0,ayakkabı
88,Ayakkabıyı nişanlıma hediye aldım çok güzel kaliteli ürün,5,1,ayakkabı
89,Resimde polaris etiketi vardı ancak gelen ayakkabı polaris değil,3,0,ayakkabı
90,Çok rahat ve esnek Tam bir F/P ürünü Tavsiye ederim,5,1,ayakkabı
91,Hızlı kargo ve güzel paketleme için teşekkürler.,5,1,ayakkabı
92,Tabanı çok kalitesiz,2,0,ayakkabı
93,"Kalite süper, fiyat süper, satıcı firmaya çok teşekkürler",5,1,ayakkabı
94,Eşime aldım numarası 1 numara küçük almanızda fayda var kalıbı biraz büyük,5,1,ayakkabı
95,Kalıbı çok dar. İki numara daha büyüğünü almak gerekebilir. Oysa kalitesi fiyatına göre çok iyi. Geri gönderip iki numara büyüğünü istedim temin etmediler. Sorunsuz şekilde para iadesi oldu.,4,0,ayakkabı
96,muhteşem ayakkabıya bayıldım hemen fiyat falan değişmeden 1tane daha alacağım,5,1,ayakkabı
97,Kargolama hızlıydı. Fiyat performans ürünü çok kaliteli değil ama bu fiyata böyle çok seçenek yok. İpleri biraz sıkıntılı geldi uc kısmı kopmak üzere. Tabanlık biraz kullanıldığı zaman kolay çıkacak gibi duruyor. Görünüşü şık ve kullanışlı.,4,0,ayakkabı
98,Ayakkabı çok güzel ama dikiş hatası var..aynısı ile değişim mümkün müdür?,2,0,ayakkabı
99,Kalıbı büyük galiba her zaman giydiğim numara aldık büyük geldi,2,0,ayakkabı
100,"Ayakkabı gayet rahat ve şık, ilk aldığımda içinin siyah rengi çorabı boyuyordu, ancak sonra bu sorun kalmadı.",4,1,ayakkabı
101,Ürün güzel fakat iç astarı çok ince iç tabanlık almanız lazım 150 liraya iş tabanlik aldım bu yüzden ayakkabı pahalıya geldi,4,0,ayakkabı
102,Günlük giymek için çok rahat bir Ayakkabı. Kargo çok erken geldi. Teşekkür ediyorum..,5,1,ayakkabı
103,Fiyatına göre gayet iyi.. F/p ürünü.. beklediğimden iyi çıktı.. normal ayak numaranızı sipariş edin.,5,1,ayakkabı
104,Tam kalıp çok rahat,5,1,ayakkabı
105,Ürün çok güzel ama benim istediğim numara yok 39 numara varsa çok sevinirim farklı renkleri de olabilir,5,1,ayakkabı
106,Berbat bir ürün sadece altı hemn atıyor,1,0,ayakkabı
107,"Hızlı kargo, fiyat performans ürünü.",5,1,ayakkabı
108,Ayakkabı güzel tavsiye ederim,5,1,ayakkabı
109,Sorunsuz ürün ben memnun kaldım,5,1,ayakkabı
110,Parasına göre ayakkabı beklenti yüksek olmasın,2,0,ayakkabı
111,Ayakkabı resimdeki gibi değil beyenmedim çogunlukla bayan ayakkabısını benziyor bir anlam veremedim,2,0,ayakkabı
112,Ayakkabılar resimdeki gibi gösterişli ve kaliteli değil ayakkabı ilk günden şekilden şekile girdi,3,0,ayakkabı
113,Çok güzel sadece alacak arkadaşlar bir numara küçük tercih edebilirler kalıpları bi hayli büyük onun dışında çok güzel,5,1,ayakkabı
114,Tam kalıp güzel begendik,5,1,ayakkabı
115,Parasına göre,2,0,ayakkabı
116,Ürün temiz ve kaliteli,5,1,ayakkabı
117,Gayet başarılı teşekkür ederim,5,1,ayakkabı
118,Fiyatına göre kaliteli ve günlük kullanıma uygun,5,1,ayakkabı
119,Hızlı kargo ürün sorunsuz geldi,5,1,ayakkabı
120,Esim beğendi sağlam rahat bı ayakkabı tam bedeninizi alin,5,1,ayakkabı
121,On numara bir ürün herkese tavsiye ederim,5,1,ayakkabı
122,Guzel hizli kargo,5,1,ayakkabı
123,Ürün gayet güzel ve kaliteli.kendi ayak numaranızı ala bilirsiniz.hakiki deri dir,5,1,ayakkabı
124,Arkadaşlar bugüne kadar internetten alıp da bu siparişim kadar memnun kaldığım hiçbir siparişim olmadı gerçekten aldığı parayı hak ediyor tavsiye ederim,5,1,ayakkabı
125,İşçilik ve malzeme gayet güzel.. normal ayak numaranızı alın,5,1,ayakkabı
126,Gerçek deri ayakkabının tabanı biraz daha iyi olabilirdi,4,1,ayakkabı
127,Tabanlık ile üst kısım hiç iyi yapıştırılmamış çok boşluk var arada,2,1,ayakkabı
128,Fiyat/Performans ürünü. Yaz boyunca beğenerek giydim ve önümüzdeki senelerde de giyeceğim inşallah. Tek pişmanlığım keşke başka renklerinden de alsaymışım.,5,1,ayakkabı
129,Kaliteli ürün tavsiye ederim,5,1,ayakkabı
130,Ürünü çok beğendim teşekkür ederim bol kazançlar,5,1,ayakkabı
131,Ürün güzel fakat kalıbı bol teşekkürler,5,1,ayakkabı
132,Güzel ayakkabı,5,1,ayakkabı
133,Ürün gayet güzel derisi kaliteli emsalleri 750 TL bu fiyata bu ayakkabı çok güzel ben beğendim tavsiye ederim 42 numara kalıbı birebir aynı,4,1,ayakkabı
134,Çok kötü 4-5 defa giymede hemen önü açıldı,1,0,ayakkabı
135,Ürünüm geldi yanlış oldu numarasında 42olacak değişim için göstermiş gayretlerinden dolayı hepsi burdaya asistanina teşekkür ediyorum anında dönüş çözüm odaklı çalışma sistemi 100 100,5,0,ayakkabı
136,Gayet iyi F/P ürünü,4,1,ayakkabı
137,Rahatve kullanisli,4,1,ayakkabı
138,Cok guzel bir ayakkabi babam icin almistim severek kullaniyor uzun sure oldu alali kullanip o sekilde yorum yapmak istedim kaliteli ve güzel,5,1,ayakkabı
139,Ayakkabı güzel fiytına göre çok iyi,5,1,ayakkabı
140,Ayakkabımı çok beğendim,5,1,ayakkabı
141,fiyatına göre iyi,4,1,ayakkabı
142,Fiyatının çok üzerinde kaliteli ayakkabı. Tipini beğenenlere kesinlikle tavsiye ederim.,5,1,ayakkabı
143,Ürün gayet iyi,5,1,ayakkabı
144,Kalıp geniş gibi ama rahat,4,1,ayakkabı
145,Alınabilir fiyatına göre rahat ve şık.,5,1,ayakkabı
146,Çok guzel,5,1,ayakkabı
147,Ayakkabı kalitesi çok kötü,2,0,ayakkabı
148,Bu fiyata harika,5,1,ayakkabı
149,Güzel rahat kaliteli ayakkabı,5,1,ayakkabı
150,Çok iyimiş,5,1,ayakkabı
151,Gayet iyi görünüyor..,5,1,ayakkabı
152,F/P ürünü rahat düşünmeden alın,5,1,ayakkabı
153,Giymedim ama güzel duruyor çok kaliteli orijinal değil ama hiç yoktan da iyi 500/600 vermeyip idare ederim dersen iş görür mü on numara görür,5,1,ayakkabı
154,Beğendik tesekkur ederiz bir puan dikim ip falan kalmış o yüzden kırdım.,4,1,ayakkabı
155,Üründe tabanda dikiş yok yapıştırma kısa sürede taban ayrılıyor dikiş attırmak zorunda kaldım dikkate almanızı öneririm satıcı ve alıcı olarak,1,0,ayakkabı
156,Hakiki deri felan değil.Oyle bir beklentiniz olmasın ama fenada değil.,5,1,ayakkabı
157,İdare eder ama kalite tek yıldız,1,0,ayakkabı
158,İç kısım ve taban olarak ayakları çok rahatsız ediyor çok sert bir yapısı var hakiki deri yazıyor ama hiç deri yapısı göremedim deri yumuşak yapıda olur ama sert bir yapıya sahip göründüğü gibi hiç değil tavsiye etmem .,1,0,ayakkabı
159,Ürün görüntü olarak güzel bir haftada tabanı ayrıldı tabanda dikiş yok yapıştırma yapmışlar. Üstüne gidip dikiş attırmak zorunda kalıyorsunuz iki çift almıştım ikisinede artı dikiş yaptırmak zorunda kaldım,1,0,ayakkabı
160,Ayakkabı defolu geldi firma sınıfta kaldı hiç tavsiye etmiyorum,1,0,ayakkabı
161,Ürün geldi dikiş hataları var ve bı noktasında yarım santim leşter kesiği var o an ihtiyacım olmasa giğmeyip iade edecektim tavsiye etmiyorum,1,0,ayakkabı
162,İlk defa aldığım Dexter modelin arkası ayaklarımı vurdu,3,0,ayakkabı
163,Ûrünü pek beğenmedim kalitesi düşuktü ama fiyatıda düşüktü .karar sizin.,3,0,ayakkabı
164,Çok kaliteli bir ürün diyemem ama bu fiyata göre oldukça iyi,3,1,ayakkabı
165,Cok kötü bir ürün geldi deri cok kırışık. Dikiş ipleri kesilmemiş ayakkabının içinde ve altında.. İyade edicem cok kötü,1,0,ayakkabı
166,F/p ürünü fiyatına göre çok iyi,5,1,ayakkabı
167,Çok güzel. Tşkler.,5,1,ayakkabı
168,Çok rahat sağlam ve şık.,5,1,ayakkabı
169,"Arkadaşlar ürünü beğendim ikincisin kardeşime aldım, kalıb olarak kendi numaranızı alın çok rahat edeceksiniz Tavsiye ederim.",5,1,ayakkabı
170,Ürün gayet güzel ve kaliteli satıcı firma sorulan tüm sorulara hızlı cevap vererek çözüm İçin fazlası ile yardımcı oluyor tşk,5,1,ayakkabı
171,deri güzel tavsiye ederim,5,1,ayakkabı
172,Kalıp geniş bir numara küçük tercih edilmeli,5,1,ayakkabı
173,Başarılı rahat sorun yaşamadım emeği geçenlere teşekkürler,5,1,ayakkabı
174,"Kaliteli malzemeden üretilmiş, emeği geçenlerin eline sağlık.",5,1,ayakkabı
175,Fiyat a göre iyi,5,1,ayakkabı
176,Harika istedigimde daha kaliteli geldi urunum tesekurler hepsi burda,5,1,ayakkabı
177,Kaliteli ve şık bir ürün.Ama kalıbı büyük.Normal numaramı almama rağmen 1 numara büyük geldi.,5,1,ayakkabı
178,Ürün güzel hızlı kargo,5,1,ayakkabı
179,Urun kaliteli,5,1,ayakkabı
180,Güzel ayakkabi rahat kaliteli,4,1,ayakkabı
181,Teşekkürler..,5,1,ayakkabı
182,tabanındaki astar çıkıor yoksa güzel,5,1,ayakkabı
183,Teşekkür ederim Allah razı olsun hayırlı işler bol kazançlar,5,1,ayakkabı
184,"F/p markalı ürün isteyen onu alsın , sadece uçları az bi açık makinadan kaçma gibi yapıştırıp diktircem aylarca giyilir sonra",5,1,ayakkabı
185,Şimdilik bir sıkıntı görünmüyor. Kullandıkça kalitesini göreceğiz.,4,1,ayakkabı
186,Mükemmel bence... çok rahat ve şık,5,1,ayakkabı
187,Gerçekten kaliteli rahat çok başarılı tesekkurler,5,1,ayakkabı
188,İç astarı çok berbat parmak ve ayak ya BİTİŞ lerde sanki çivi batıyor iki kullanımda uç atarlar toplanmaya başladı üzgünüm beğenmedim geri dönüşüme verecem,5,0,ayakkabı
189,40 numara olarak aldığım ürün ayağıma olmadı. Çok net 42 numara ayakkabı giyen birine rahatlıkla olur. Ürünü alırken bunu göz ardı etmeyin. Ayrıca ayakkabı kutusu ezilerek gelmişti,1,0,ayakkabı
190,Ürünü gösterdikleri gibi değil,1,0,ayakkabı
191,"Kesinlikle tavsiye etmiyorum.Ürün işçilik hatalarıyla dolu.Dikiş,yapıştırma yerlerinde hata çok fazla.Kısa zamanda çöp olacak bir ayakkabı",1,0,ayakkabı
192,Çok güzel tavsiye ederim,5,1,ayakkabı
193,Ürün sandığım dan daha güzel çıktı ve ayakta çok daha havalı duruyor. Kokusu gayet kalıcı.,5,1,ayakkabı
194,Aynen denildiği gibi şafi deri güzel rahat biraz daha hafif ola bilirse iyi olur,3,1,ayakkabı
195,"Ürünün kalitesi iyi, lakin kalıp sorunu var, daha önceki yorumlarda da okudum kalıb sorunu var, diye, ben 42 numara giyiyorum, 42 numara aldım, baya büyük, onun için değişim istedim. Bakalım nasıl çözeriz.",4,0,ayakkabı
196,Dexter değil oxder diye bir ayakkabı geldi gerçi fiyatı ortada ..orta kalite ayakkabı..,3,0,ayakkabı
197,Gayet güzel ve rahat,5,1,ayakkabı
198,Babam için almıştım. İç dış deri... Düşündüğümden güzel geldi. Kargoda söylenen zamanda teslim etti. Teşekkürler...,5,1,ayakkabı
199,Fiyatına göre iyi ve guzel,5,1,ayakkabı
200,Cok güzel teşekkür ediyorum,5,1,ayakkabı
201,Satıcı firmaya teşekkür ederim ürün fiyatına göre çok iyi,5,1,ayakkabı
202,Kalıpları büyük ama güzel fiyat performans olarak beğendim.,5,1,ayakkabı
203,Tabanı daha iyi olabilirdi ama indirimdeyken aldım fiyatı uygun.,4,1,ayakkabı
204,Süper ayakkabı,5,1,ayakkabı
205,Kalitesi düşük,4,0,ayakkabı
206,İyi beğendim,5,1,ayakkabı
207,Gerçekten fiyatına göre hesaplı ve kaliteli hepsi burada ya ve satıcıya teşekkür ler.,5,1,ayakkabı
208,Harika tam istediğim gibi teşekkürler,5,1,ayakkabı
209,Güzel begendim,5,1,ayakkabı
210,Hızlı Kargo Teşekkürler,5,1,ayakkabı
211,Çok iyi ürün. Teşekkür ederim,5,1,ayakkabı
212,Bu paraya aldığınız bir ayakkabıdan fazla bir şey beklememek lazım zaten. Tek garip gelen şey üzerinde hiçbir şeyin yazmıyor olması. Sadece tabanında numarası yazıyor. Diğer taraftan dediğim gibi bu parayla alınabilecek bir ayakkabı,4,0,ayakkabı
213,Son derece kaliteli,5,1,ayakkabı
214,Severek giyiyorum. Fiyati çok uygun ve kaliteli. Tabanıda rahat . Teşekkürler,5,1,ayakkabı
215,Fiyata göre iyi. Altlık yok ama ise yarar fazlasıyla,4,1,ayakkabı
216,Teşekkürler,4,1,ayakkabı
217,Güzel ürün.Taban lastiği biraz kokuyor o kadar.. Umarım geçer kokusu,5,1,ayakkabı
218,İç tabani çok ince iki gün giydim ayaklarım ağrıdı tabanlık aldim ekstre onun dışında kalitesi güzel fiyat performans ürünü,5,1,ayakkabı
219,Ürün gayet iyi ufak tefek taban sorunu yaratıyor ortapedik içlik yok,5,1,ayakkabı
220,Ürünü çok beğendim ama eşime büyük geldi iade ettik sonuç gelince yeniden almayı düşünüyorum,5,1,ayakkabı
221,Fiyat performans 5 Yıldız,5,1,ayakkabı
222,Ürün gayret güzel.,5,1,ayakkabı
223,Kalıp geniş tutulmuş.Numaranızın bir küçüğünü almanızı öneririm.Kalite güzel,4,1,ayakkabı
224,ÇOK GÜZEL İYIDİR,5,1,ayakkabı
225,"Kaliteli ürün,tavsiye ederim",5,1,ayakkabı
226,Çok şık ve rahat bir kullanımı var.,5,1,ayakkabı
227,Alırken biraz tereddüt etmiştim ama gayet başarılı.,5,1,ayakkabı
228,Gayet güzel bir ayakkabı kokusuna bayıldım çok güzel kokuyor,5,1,ayakkabı
229,Çok güzel kaliteli bir ürün,5,1,ayakkabı
230,Çok iyi kaliteli hafif beğendim teşekkürler,4,1,ayakkabı
231,Beğenmedim malzemesi çok kalitesizmis,1,0,ayakkabı
232,Geldiği geri gönderdim kutudan çıkardım uçları giymeden açık dikişler berbat en faza 3 gün giyersin sonra çöp,1,0,ayakkabı
233,Hiç girundugungibi değil,1,0,ayakkabı
234,Alt tabani biraz açık geldi bide birinin onu birinden farklı beğenmedim fazla,1,0,ayakkabı
235,Ayakkabının içinde adamın ayağına takılan bir çıkıntı var. O yüzden iade edeceğim.,1,0,ayakkabı
236,Hakiki deri değil ve dikiş hataları var.,1,0,ayakkabı
237,Kaliteli hakiki deri firmaya teşekkūr,5,1,ayakkabı
238,Markası bile belli değil.,3,0,ayakkabı
239,İyi rahat,3,1,ayakkabı
240,Zamaninda ve saglam geldi. Fiyat performans urunu,3,1,ayakkabı
241,Kalıp dar geldi,3,0,ayakkabı
242,Ürün ilk gunlerde iyi idi. Yanlız 1 ay sonra ağzı gözü yamulmaya başladı. Bildiğiniz şekli değişiyor ki ben ayakkibilari hor kullanan biriside değilim. Önceki ayakabim 5sene giymiş birisi olarak pek tavsiye edemiyorum. 1 yıl bitmeden yenisini alacaz gibi. Sağlam oturaklı bir ayakkabı ya 2 katı fiyatını verip 5-6 yıl giymek daha mantıklı.,3,1,ayakkabı
243,Güzel ve rahat saglam bir ürun,5,1,ayakkabı
244,Çok güzel kaliteli fakat numura Küçük geldi iade ettim,5,1,ayakkabı
245,Teşekkürler.,5,1,ayakkabı
246,Çok iyi,5,1,ayakkabı
247,Eşim çok beğendi,5,1,ayakkabı
248,Fiyatına göre çok iyi bir ürün,5,1,ayakkabı
249,Çok güzel,5,1,ayakkabı
250,Süper,5,1,ayakkabı
251,Ekonomik güzel bir ayakkabı tavsiye ederim,4,1,ayakkabı
252,Hızlı kargo ve kaliteli ayakkabılar için teşekkürler :),5,1,ayakkabı
253,Fiyatını hak eden bir ürün. Güzel duruyor ve sağlam görünüyor.,5,1,ayakkabı
254,Tam istediğim gibi hızlı ve resimde ki ürün. Muggo ya teşekkürler,5,1,ayakkabı
255,Çok guzel,5,1,ayakkabı
256,Ürün beklediğim gibi fiyatına göre gayet güzel,5,1,ayakkabı
257,Deri ve Malzeme kalitesi iyi ama işçilik hataları var.,4,0,ayakkabı
258,Çok iyi hemen kullandım hiç sinek kalmadı hepsi öldü ben memnunum,5,1,ayakkabı
259,"Çok güzel, parasını hakediyor",5,1,ayakkabı
260,Hakikaten çok beğendim tamda ayağıma oturdu tavsiye ediyorum,5,1,ayakkabı
261,Beğendim tavsiye ederim ayak numara tam oluyor teşekkürler,5,1,ayakkabı
262,Kaliteli ve kullanışlı beğendim,5,1,ayakkabı
263,Fiyatına göre kaliteli. Memmun kaldım.,5,1,ayakkabı
264,Babama hediye olarak aldım cok begenmiş cok güzel,5,1,ayakkabı
265,Kalıbı büyük 1 numara küçük alınabilir,4,0,ayakkabı
266,Bu model ayakkabılarınız standart ölçüden bir beden daha büyük.,4,0,ayakkabı
267,Fiyatına göre gayet güzel bu fiyata bu kalite bravo,5,1,ayakkabı
268,Ürün geldi fiyatına göre güzel hoşuma gitti,5,1,ayakkabı
269,Güzel ayakkabı beğendim ben,5,1,ayakkabı
270,Tesekkurler,5,1,ayakkabı
271,Çok hızlı bir şekilde elime ulaştı beklediğimden kaliteli,5,1,ayakkabı
272,Çok kaliteli beğendim almalısınız,5,1,ayakkabı
273,Ürün gerçekten hakiki deri fiyat mükemmel teşekkürler,5,1,ayakkabı
274,Kenarları 2giymede açıldı,1,0,ayakkabı
275,Keşke göndermeden önce kontrol etseydiniz ürün hasarlı geldi iade etmek zorunda kaldım,1,0,ayakkabı
276,Ürün taban 42 üstü 43/44 gibi yayıldı gitti iki kullanmada,1,0,ayakkabı
277,Çok kalitesiz,1,0,ayakkabı
278,Çok kalitesiz beğenmedim,1,0,ayakkabı
279,İade yaptık beğenmedik.,1,0,ayakkabı
280,"Ayakkabılar fena değil ama iç kısmında tabanın yarısına kadar iç astarı var ona göre alın,yoksa benim gibi gidip ayrı bir tabanlık alıp o şekilde giyebilirsiniz... Fiyatına göre iyidir...",3,1,ayakkabı
281,Orta..,3,0,ayakkabı
282,Fena değil kalıbı tam kalıp ayağınıza göre alın,3,1,ayakkabı
283,Güzel atakkabı,3,1,ayakkabı
284,Orta,3,0,ayakkabı
285,Selamın aleyküm; Siyah sipariş ettiğim ürün Kahverengi siyah geldi vede üst kısmı çok önde .,1,0,ayakkabı
286,Ürünün iç tabanlık kısmı kalitesiz ve bundan dolayı ayak rahat etmiyor.,3,0,ayakkabı
287,"Resimdeki urun gelmedi,satici ciddi degil, insanlari yanıltmayin..siyah istedik kahve siyah geldi, bence 100 tl daha verin kaliteli alın..",2,0,ayakkabı
288,Görsel olarak iyi ama hakiki deri hissiyatı vermiyor sanki,4,1,ayakkabı
289,Güzel,4,1,ayakkabı
290,İyi ürun,5,1,ayakkabı
291,Guzel urun,5,1,ayakkabı
292,F/p tam bir,5,1,ayakkabı
293,Güzel ürün tşkr.,5,1,ayakkabı
294,Süper,5,1,ayakkabı
295,Güzel,5,1,ayakkabı
296,Fiyatına göre çok iyi bu fiyata deri bu kadar olur,4,1,ayakkabı
297,Ayakkabı fiyatına göre iyi ama kalıpları büyük basilmis,4,1,ayakkabı
298,İç taban ve bağcıklar hariç iyi ürün..,4,1,ayakkabı
299,Beğendim,4,1,ayakkabı
300,Güzel,5,1,ayakkabı
301,Gayet güzel,5,1,ayakkabı
302,Henüz kullanmadım iyi görünüyor.,4,1,ayakkabı
303,"Dışarı çıkıp giyince gün ışığında farkettim. Sağ taraf ayakkabı komple siyah, sol taraf ayakkabının ise bir parçası gri. Giydiğim için iade de edemedim.",1,0,ayakkabı
304,Teslim edildiği hafta üst dikişleri söküldü. Ayrıca tabanı hiç uygun değil. Tek kelime ile REZALET,1,0,ayakkabı
305,Ayakkabı güzel ama ayakkabı içindeki astar eksik yarım numara büyük gibi geliyor çözümü ise 20-30 liraya güzel bir tabanlık alıp o şekilde giymek....,3,1,ayakkabı
306,İçinde yırtıklar ve açıklar vardk ayakkabının geldiginde açık konuşmak gerekirse tavsiye etmem biraz özensiz işçilik,3,0,ayakkabı
307,Kalitesini beğenmedim iade ettim,1,0,ayakkabı
308,"Fiyata göre iyi şık ve modern duruyor. hızlı ve düzgün paketlenmiş olarak geldi. Yapıştırıcı, dikiş ipleri ve taban biraz rahatsız etti. Hızlı teslimat ve paketleme için satıcıya teşekkürler.",3,0,ayakkabı
309,"Deri denmiş ama Deri falan değil baya naylon,ayak sağlığına özen gösterenler için yanlış seçim,iade ettim almayı düşünenler birdaha düşünsün",1,0,ayakkabı
310,Aşırı kalitesiz bir hissiyatı var. Ayaktada güzel durmadı. İade ettim.,1,0,ayakkabı
311,Ayakkabı gorseldeki gibi fakat kesinlikle en az 2 numara büyük 45 numara ölçüsünde ayakkabı geldi. Kalite orta iyi arasında beden kotu,3,0,ayakkabı
312,ayakkabinin ayak topuk kismindaki pedler kaymis durumdaydi ciddi anlamda rahatsiz ediciydi.,2,0,ayakkabı
313,Kaliteli bişey değil iç astarı karton gibi insan astarını biraz estetik yapar,2,1,ayakkabı
314,Ürünü beğenmedik,2,0,ayakkabı
315,Görüntü İdare eder. fakat sağlamlık olarak birkaç ay dayanmaz gibi görünüyor. Dikişleri ve yapıştırılan kısımları çok özensiz yapılmış.,3,0,ayakkabı
316,İçine konan malzeme çok kötü geldi baştan savma yapılmış.,3,0,ayakkabı
317,gelen numara yanlış ilan resmindeki ürün ile gelen farklı kesinlikle deri değil Fatura Gelmedi,1,0,ayakkabı
318,"Kalıbı büyük. Rengi siyah deniliyor ama koyu yeşil gibi. Görsellerdeki ""D"" işli değil.",3,0,ayakkabı
319,Cok guzel yalnız kalıbı çok geniş bi ayakkabi ona göre sipariş verin,3,1,ayakkabı
320,Ayakkabı dışından bakınca fena değil fakat içine baktığımda yıkıldım.Astarın yarısı yok üç kuruş kar edeceğiz diye yarım astar koymak nedir ya.içindeki ipleri bile kesmemişler.Bu kadar küçük detaylardan kaçmak çok üzücü,1,0,ayakkabı
321,Rahat ama deri değil,3,0,ayakkabı
322,Ürün defolu geldi. Hiç beğenmedim. Aldigima pişman oldum. Kesinlikle tavsiye etmiyorum.,1,0,ayakkabı
323,Biraz daha verip daha iyi bişey mantıklı ayakta kalitesiz duruyo,3,0,ayakkabı
324,40 numara istemiştim. Evet 40 numara geldi ama 43 numara ayakkabı giyen birine hediye etmek zorunda kaldım. Kalıbı çook büyük.,1,0,ayakkabı
325,Ürün geldi fakat iç işçiliği güzel değil biraz büyük,3,0,ayakkabı
326,Urun hatalı geldi iade etmek zorunda kaldım,1,0,ayakkabı
327,Ürün kahverengi dediler siyah geldi deri dediler şunu yapay deri geldi dandik fotografla alakası olmayan bir ürün,1,0,ayakkabı
328,Rahat parasına göre çok iyi..,3,1,ayakkabı
329,berbat sanki giyinilmiş ve yeniden elden geçirilmiş gibi.,1,0,ayakkabı
330,"Basit ,taban çok ince.degmez bu fiyata",2,0,ayakkabı
331,Arka kısmı geniş.,3,0,ayakkabı
332,Tabanı berbat kokuyor hurda plastik ten yapılmış galiba,1,0,ayakkabı
333,Ayakkabıyı ilk giydiğim gün dopuk kısmı açıldı bu kadar kalitesiz olamaz,1,0,ayakkabı
334,Ayakkabı içindeki keçe yarım ve ayaklarım simsiyah boya oldu bu nasıl bir işçilik,1,0,ayakkabı
335,Ayakkabi guzel fiyatida uygun ancak rengi farkli geldi,3,0,ayakkabı
336,fiyatina göre idare eder.,3,1,ayakkabı
337,Tabanda keçe yok boşuna almayın memnun kalmazsınız alakası yok görüntüde olanla,1,0,ayakkabı
338,Kalitesi cok dusuk orj deri degil .,1,0,ayakkabı
339,1 kere giydim,1,0,ayakkabı
340,"Ben beğenmedim,",1,0,ayakkabı
341,"Burnundan açılma yaptı, tabanı hiç rahat değil",1,0,ayakkabı
342,Hakiki deri değil yaniltmaca var,1,0,ayakkabı
343,İstediğimiz ürün gelmedi,1,0,ayakkabı
344,Kalitesiz ürün,1,0,ayakkabı
345,Yanlış ürün geldi istediğimiz gelme,3,0,ayakkabı
346,Tabanı çok hassas yerdeki Herbie taşı hissedebiliyorsunuz,3,0,ayakkabı
347,"Islak mendille tozunu alayım diye sildim, mendil simsiyah oldu. Söyleyeceklerim bu kadar.",1,0,ayakkabı
348,Ürün fiyata göre çok iyi,2,1,ayakkabı
349,çok ağır,2,0,ayakkabı
350,Kalıbı çabuk bozuldu,2,0,ayakkabı
351,Ürün deri değil bilfinize,1,0,ayakkabı
352,Ürün deri değil suni deri,1,0,ayakkabı
353,Böyle kotu bir ürün hayatımda gormedim.,1,0,ayakkabı
354,İdare eder.,3,1,ayakkabı
355,Hiç beğenmedım,1,0,ayakkabı
356,Fiyatına göre makul olabilir ancak resimdekiyle alakası yok,1,0,ayakkabı
357,Berbat bi ürün.resimde göründüğü gibi değil.,1,0,ayakkabı
358,Ucuz fiyat fakat kaliteli değil.. bu rakama bu kadar olur,1,0,ayakkabı
359,Resimle uzaktan yakından alakası yok çok kalitesiz,1,0,ayakkabı
360,Cok kulanışlı ve guzel,4,1,ayakkabı
361,Ürün görseldeki gibi geldi. Stokta bir numara büyüğü yoktu. Tam numaramı aldım. İlk gün doğal olarak dar gibi geldi ama ikinci günden itibaren ayağın kalıbına uyum sağladı. Beğendim kısacası,5,1,ayakkabı
362,fiyat performans ürünü Tam beden aliniz,5,1,ayakkabı
363,Ürün gayet güzel kaliteli,5,1,ayakkabı
364,Tam fiyat performans ürünü Tam beden aliniz,5,1,ayakkabı
365,Ufak tefek sorunlar olsa da ayağıma yakıştı ne yalan söyleyeyim,4,1,ayakkabı
366,Tam bir fiyat performans ürünü bu ucuzluk bu kalite,5,1,ayakkabı
367,Fiyat performans ürünü,3,1,ayakkabı
368,Güzel bir ürün,5,1,ayakkabı
369,Ürün güzel ancqk o kadar kaliteli değil,4,0,ayakkabı
370,"Ürün görselde göründüğü gibi 42 numara giyen biri olarak kendi numaramı sipariş ettim ve tam oldu, esneme payını da düşünecek olursak iyi bir sonuç. Tek eksiği tasarımsal sadeliği ayakkabının onun dışında gönül rahatlığı ile giyebilirsiniz.",4,1,ayakkabı
371,Güzel ama biraz sert ayaklarını acıtıyor,5,0,ayakkabı
372,Fiyatına göre iyi bir ürün yorumlarda bir beden büyük alınması söylenmiş kırk giyordum kırk bir aldım daha rahat hissettirdi. Görünüş açısından 10/8 fiyatını her türlü karşılar üründe oluşabilecek olumsuz bir durumda yorumumu güncelleyeceğim .,4,1,ayakkabı
373,Kalitesi düşük ama idare eder yazın giyilir,3,0,ayakkabı
374,Tabanı taştan bile sert ve 2-3 ay içerisinde ön kısmı ikiye yarıldı tavsiye etmiyorum,1,0,ayakkabı
375,Beş para etmez kesinlikle almayın,1,0,ayakkabı
376,Ürün kağıt gibi bir kere giydim ayağım ufak bir kaldırıma çarptı ayakkabı yırtıldı,1,0,ayakkabı
377,Sipariş verdiğim ürün değil benzeri gönderildi,1,0,ayakkabı
378,"Aldığım ürünleri hayır olsun,biri giysin diye hediye ettim. Çok dar kalıp. Memnun kalmadım.",1,0,ayakkabı
379,"Ayakkabılar aşırı rahat, topuk boyu gayet ideal ve çok şık. Tam numaram oldu. Ayrıca satıcıya ilgisinden dolayı çok teşekkür ederim. İlk alışverişim değildi son da olmayacak favori markam belli artık.",5,1,ayakkabı
380,Günlük için ideal koşu ayakkabıları. Rahat ve kullanışlı tavsiye ederim.,5,1,ayakkabı
381,Ayakkabı çok tatlı duruyor 38 numara aldığım halde çok küçük duruyor dışarıdan ancak kalıbı da dar o yüzden bir numara büyük alınabilir bence. Çok kaliteli bir şey beklemeyin yine de,4,0,ayakkabı
382,Biraz sert ama görüntüsü çok güzel ve bir numara büyük alınmalı! ondan dolayı da rahat gelmedi.,4,0,ayakkabı
383,Çok güzel,5,1,ayakkabı
384,Tam olarak fotoğrafta göründüğü gibi kaliteli.,5,1,ayakkabı
385,Hiçbir işe yaramaz sanki karton gibi,1,0,ayakkabı
386,"5 kuruş etmez ön kısımları aç konfor 0 topuğu kemiğe vuruyor , tamam ucuz ama böylede çöp olmaz. Siyah istedim beyaz gelmiş",1,0,ayakkabı
387,"Aldığım ürünü hediye ettim,çünkü çok dar. Alırken ona göre alın.",1,0,ayakkabı
388,"defolu ürün gönderiliyor, kutusu parçalanmıştı.. yapistirma yerleri lekeli, taban kisimlarinda cizimler mevcut. tavsiye etmiyorum",1,0,ayakkabı
389,Fiyatına göre çok iyi tavsiye ederim.,5,1,ayakkabı
390,Kutusu direk yırtık geldi üründe durumdan payına düşeni almış ama fp,2,0,ayakkabı
391,Ürün beklediğim gibi geldi teşekkür ederim. Gayet hesaplı bir ürün tavsiye ederim. Rahat günlük kullanım için ideal.,5,1,ayakkabı
392,Hafif şık ve rahat bir ayakkabı.,5,1,ayakkabı
393,Ürünü şipariş verdim kargo felan gayet hızlı güzel ama siyah beyaz sneaker dan sipariş oluşturdum düz beyaz göndermişsiniz değişim talebi oluşturdum onuda kabul etmedi site neden insanları magdur ediyorsunuz ki iadeyle felan uğraşıyoruz,4,0,ayakkabı
394,Ürünün kalıbı küçük nnmara uygun olmadıgından değişim talep ettim . Ama fiyatına göre ayakkabı güzel.,4,0,ayakkabı
395,Fiyatına göre baya güzel tavsiye ederim.,5,1,ayakkabı
396,Rahat kullanışlı gayet güzel bir ürün. Çok güzel tam beklediğim gibi çıktı. Ayakkabı aşırı hafif ve çok rahat.,5,1,ayakkabı
397,Çok güzel tam beklediğim gibi çıktı.,5,1,ayakkabı
398,Hiç düşünmeden alın çok rahat.,5,1,ayakkabı
399,İkiside ayni renk geldi beyaz sipariş verdim aynısı geldi güzel tavsiye ederim,5,1,ayakkabı
400,Resimdeki gibi kalite düşük çok bşy beklemeyin uygun fiyata uygun ayakkabı giyilir idareten ama dediğim gibi çok beklentiye girmeyin,3,0,ayakkabı
401,Rahat günlük kullanım için ideal ama bir numara büyük alınmasını tavsiye ederim,4,1,ayakkabı
402,1 alana 1 bedava dediniz ürünüm 2.gelmedi neden,5,0,ayakkabı
403,Gayet hesaplı ve kaliteli bir ayakkabı.,4,1,ayakkabı
404,Tabanı çok sert tabanı bir ay içinde delindi iç astarı kağıt gibi hemen parçalandı tavsiye etmiyorum,1,0,ayakkabı
405,Ürünü alacaklara önerim ayakkabı çok terletiyor ayakları ve malzeme kalitesi olarak da çok ince çok uzun dayanacağıni zannetmiyorum. Belki bir ay ancak,1,0,ayakkabı
406,Siyah Gönderdiğiniz ürün 42 numara siyah olması gerekirken Ayıran zat 41numarayi koymuş. 42 nollu Ayakkabı gönder. Bana 41 i iade etmeliyim,1,0,ayakkabı
407,Ürün kenarlari yapıştırma tabanı rahat .yanlız yanlis ürün yollamislae ben siyah beyaz istemisdim düz beyaz yollamışlar .,3,0,ayakkabı
408,Eşim için aldım. Fotoğrafta çok beğenmemiştim ama canlı daha iyi duruyor. Ve sevindiren yanı indirimdeyken yakaladım.,4,1,ayakkabı
409,Rahat kullanışlı gayet güzel bir ürün. Rahat günlük kullanım için ideal. Kumaşı sayesinde çok iyi hava alıyor ve hiç terletmiyor,5,1,ayakkabı
410,Paketleme çok kötü..Bu kadar özensiz bir paketleme görmedim.Bir numara büyük almanızı tavsiye ederim.38 numara giymeme rağmen küçük oldu.o yüzden.iade ediyorum,2,0,ayakkabı
411,Ürün sert bişey plastik bile denilemez. Yürürken topuklu ayakkabı giymiş gibi tak tuk yürüyorsun. Ayağını seven almasın.,2,0,ayakkabı
412,37 bucuk giyiyorum 38 aldim tam oldu harika markalara okadarpara vermeye asla gerek yok,5,1,ayakkabı
413,Hiç düşünmeden alın çok kaliteli. Gayet hesaplı ve kaliteli bir ayakkabı. Çok rahat sağlam ve şık.,5,1,ayakkabı
414,Gönderdiğiniz ayakkabıya tek parça bağacık koyarsanız giyemeyiz Kanka onu aklınızda bulunsun şimdi birde onu almaya mı uğraşalım yani herkes işini düzgün yapmalı diye yorumladım,1,0,ayakkabı
415,Ürün fiyat performans ancak paketleme çok kötü kutu yırtık pırtık geldi,3,0,ayakkabı
416,Çok net söylüyorum ki sakın almayın çünkü esneme payı yok 2 ay idare ederi sonra yırtılıyor iz yerinden,1,0,ayakkabı
417,Tam bir fiyat performans ürünü.,3,1,ayakkabı
418,Fiyatına göre baya güzel tavsiye ederim.,3,1,ayakkabı
419,Rahatsız bir ayakkabı ayakları ağrıtıyor,3,0,ayakkabı
420,kalite yerlerde,1,0,ayakkabı
421,Malzeme kalitesi iyi tavsiye ederim. Fotoğraflarda ki gibi gayet güzel. Hafif şık ve rahat bir ayakkabı. Çok rahat sağlam ve şık. Yürüyüş için çok iyi bir ayakkabı. Rengi çok hoş ve rahat tavsiye ederim.,5,1,ayakkabı
422,Bir giyimlik,3,0,ayakkabı
423,Güzel bu fiayat 10 numara 3 aydır işte kullaniyor günde 28nin adım atıyorum hala sağlam,5,1,ayakkabı
424,Sağ normal sol vuruyo arkası sıkıntılı,3,0,ayakkabı
425,İki numara küçük 36 giyiyorum 37 istedim 35 resmen paranıza yazık,1,0,ayakkabı
426,Hepsi buradaya yakışmayan ürün portföyü beklediğim gibi gelmedi,1,0,ayakkabı
427,Çöp giymiyom duruyo oylece,3,0,ayakkabı
428,Tvde görüp saatlik indirimden aldım. Ayakkabı güzel bembeyaz ayağı çok kibar gösteriyor. Ufak tefek yapıştırma hataları var ama onları da görmeyin artık bu fiyata ayakkabı yok.,5,1,ayakkabı
429,İlk defa bildiğim markalar dışında bir ayakkabı denemek istedim ama Ne yazık ki hüsran. Kalıbı dar diye işaretledim ama kalıp yok yani böyle bir ayak yok yer yüzünde. Çok ağır bir plastik kokusu var ve ayakkabının deliklerini açmamışlar bile. Bir numara büyük alıp belki köse başı apachi oturuşu yapmak için uygun olabilir ben 44 aldım numaramı ama 45 seçeneği zaten yoktu.,2,0,ayakkabı
430,Çok rahat sağlam ve şık. Tam bir fiyat performans ürünü. Çok memnunum rahat ve şık bir ayakkabı. Hiç düşünmeden alın çok rahat.,5,1,ayakkabı
431,Ürünü ben iade etmedim ürün ü iade ettiler ben bir numara büyüğünü istemiştim değişim için gönderdim ama şaşırdım parayı iade ettiler neden teşekkür ederim,5,0,ayakkabı
432,Yürüyüş için çok iyi bir ayakkabı.,4,1,ayakkabı
433,Hüsran ve iade ne yazık ki,2,0,ayakkabı
434,"İlk giyişinizde iyi ki almışım diyorsunuz ama giydikçe vurdukça sertliğini hissetmeye de başlıyorsunuz. Kullanılır mı evet bu paraya bu kaliteyle bir sezonu çıkarmaya rahat yeter. Arada kısa süreli işleriniz için sağa sola gidip gelmeye işinizi görür ama gün boyu ayakta tutmaya gelmez. Bu fiyata ayakkabı kalmadığını düşünürsek, en ucuza ne alsam da üç beş ay işimi görsün derseniz alın. Ben ikinci ayakkabım olsun diye aldım bunu. Taban kalınlığı bakımından topuk kısmı gayet ideal, ama ön kısım ince. Amacına göre gündelik kısa süreli işlerinizi görmek için git gellerde kullanacaksanız bu fiyata gönül rahatlığıyla alınır, ama başta da dediğim gibi gün boyu ayaktaysanız pek öneremeyeceğim.",3,1,ayakkabı
435,Çok güzel tam beklediğim gibi çıktı. Hiç düşünmeden alın çok kaliteli. Rahat kullanışlı gayet güzel bir ürün. Hemde iki tane aldimm,5,1,ayakkabı
436,Alt tabanı sert ama fiyat performans olarak iyi,3,1,ayakkabı
437,Kalite yok taban plastik ayak ağrıtıyor,1,0,ayakkabı
438,Bağcıksız gönderildi.,1,0,ayakkabı
439,"Defolu geldi, sol tarafı iyi yapışmamış",5,0,ayakkabı
440,Ürün çok kalitesiz daha 1 ay bile olmadı kenarı patladı bir daha bu sayfadan alış veriş yapmam,1,0,ayakkabı
441,Tam olarak fotoğrafta göründüğü gibi,3,1,ayakkabı
442,idare eder,3,1,ayakkabı
443,Rahat değil ve içi çok sıcak bir ayakkabı,3,0,ayakkabı
444,Asla rahat bir ayakkabı değil tabanı çok ince üstüne biraz daha ekleyip rahat bir ayakkabı alınabilir,1,1,ayakkabı
445,Ürün resimdekilerin aynısı normalde 42 giyerim ama yorumlara bakarak 43 sipariş verdim bu ayakkabiya göre 42.5 gibi bir numara olsaymış tam olacakmış ama çok büyük gelmedi giyilebilir. Sade ve şık ama uzun soluklu dayanacagini sanmiyorum. Fiyatinin ayakkabısı tercih edilebilir.,4,1,ayakkabı
446,Ekonomik gösterişli ve kullanışlı güzel ürün,5,1,ayakkabı
447,Çok güzel tam beklediğim gibi çıktı.,5,1,ayakkabı
448,Çok hafif ve rahat tam kalıp.emeklerinize sağlık.2 ürün aldım sizden ve indirim uygulandı.tekrar sipariş vericem.basarilar bol kazanclar.bu fiyatlar inanılmaz ve ürünleriniz kaliteli,5,1,ayakkabı
449,Rahat günlük kullanım için ideal. Şık rahat ve kullanışlı bir ayakkabı.,5,1,ayakkabı
450,Ürünün tabanı kalın ve kaliteli tavsiye ederim.,5,1,ayakkabı
451,"F p çok iyi tavsiye ederim., Ürünün tabanı kalın ve kaliteli tavsiye ederim., Rengi çok hoş ve rahat tavsiye ederim., Rahat günlük kullanım için ideal., Rahat ve kullanışlı bir ürün teşekkürler.",5,1,ayakkabı
452,Çok güzel tam beklediğim gibi çıktı.,5,1,ayakkabı
453,Gayet hesaplı ve kaliteli bir ayakkabı.,5,1,ayakkabı
454,Rahat günlük kullanım için ideal. Ürün güzel hafif ve kaliteli tavsiye ederim.,5,1,ayakkabı
455,Rahat günlük kullanım için ideal.,5,1,ayakkabı
456,Berbat. Çok düşük fiyatta aldım kasım indirimlerin den iade ile uğraşmak istemedim hiç rahat değil kenarı hafif sararmış şekilde geldi. Önermiyorum kesinlikle,2,0,ayakkabı
457,Rahat kullanışlı gayet güzel bir ürün.,5,1,ayakkabı
458,Çok şık,5,1,ayakkabı
459,Çok beklentiye girmedim bu fiyata bu pahalılıkta güzel,5,1,ayakkabı
460,Tabanı sert içi kalitesiz,1,0,ayakkabı
461,Çok kotü,1,0,ayakkabı
462,Tabanı sert İçi kalitesiz,1,0,ayakkabı
463,Ayakkabı numarası küçük,1,0,ayakkabı
464,Geçen senede almıştım hoşuma gitmişti tekrar sipariş verdim ama aynı kalıtede değil biraz farklı olmuş,2,0,ayakkabı
465,Malzeme kalitesi iyi tavsiye ederim.,5,1,ayakkabı
466,Hafif şık ve rahat bir ayakkabı.,5,1,ayakkabı
467,Fiyati cok iyi,5,1,ayakkabı
468,Yıldızın birini paketlemeden kırdım çünkü bununla birlikte bir tane de sandalet almıştım ikisini aynı kutunun içine koymuşlardı kargoda biraz hırpalanmıştı ayakkabı.Ama genel anlamda ayakkabı tam beden ve fiyat performans ürünü bu fiyata alınabilecek en iyi ayakkabı diyebilirim,4,1,ayakkabı
469,Günlük hayatta rahatlıkla giyile bilir kullanışlı ve fiyatı çok uygun,5,1,ayakkabı
470,"Çok güzel tam beklediğim gibi çıktı., Fotoğraflarda ki gibi gayet güzel.",5,1,ayakkabı
471,Çok güzel tam beklediğim gibi çıktı.,5,1,ayakkabı
472,Ürün cok güzel sağlam ve şık. Tek sorun kalıbı bana biraz dar geldi. Bir numara büyük almak daha doğru olurmuş.,5,1,ayakkabı
473,Yanlış numara göndermeseydiler iyiydi,4,0,ayakkabı
474,Rahat değıl,1,0,ayakkabı
475,Ürün geldi 35 numara istedik ama sanki 32 numara kalbi var dı küçük oldu,3,0,ayakkabı
476,Kalitesi çok kötüydü. Aylar sonra yirtilmalar basladi tavsiye etmem,1,0,ayakkabı
477,Spor için çok güzel bir ayakkabı teşekkür ederim,4,1,ayakkabı
478,Satıcıya teşekkürler. Ürün hızlıca geldi ve parasına göre kaliteli,5,1,ayakkabı
479,Ürün parasına göre kaliteli,5,1,ayakkabı
480,"Kullanışlı, rahat, spor, herbakımdan güzel, insallah dayanıklıdır, o zaman süper olacak.",5,1,ayakkabı
481,Ürün 2 gün içinde elime ulaştı çok güzel şık 1 beden büyük almanızı tavsiye ediyorum,5,1,ayakkabı
482,Bu fiyata bu ürün çok iyi,5,1,ayakkabı
483,F p çok iyi tavsiye ederim.,4,1,ayakkabı
484,Rahat günlük kullanım için ideal.,5,1,ayakkabı
485,F p çok iyi tavsiye ederim.,4,1,ayakkabı
486,Rahat kullanışlı gayet güzel bir ürün.,5,1,ayakkabı
487,Yorumum üstte çıksın diye 5 yıldız verdim kalitesiz bir ürün ilk giyildiğinde bile anında çatlıyor üzülerek iade edicem malesef,5,0,ayakkabı
488,"Gerçek deri değil, Üst deri ve alt taban, kundura gibi ses çıkartıyor yürürken, Hava almadığı için koku yapıyor, 9 kez giydikten sonra yanlardan patlıyor, UZAK DUR!",1,0,ayakkabı
489,Gayet hesaplı ve kaliteli bir ayakkabı.sadece hızlı eskiyor oda kırıldığı için fiyat p ürünü,3,1,ayakkabı
490,UZAK DUR! Alt kalıbı kaya gibi. Topuklu kundura gibi ses çıkartıyor. Normalde yumusak olması lazım. Yanlardan patlama ve açılma yaptı. Kalitesiz ve sahte deri olduğu için de hava almıyor. Koku yapıyor.,1,0,ayakkabı
491,Rahat günlük kullanım için ideal.,3,1,ayakkabı
492,Fiyatına göre güzel bir ürün kibar bir duruşu var,5,1,ayakkabı
493,Urun kısa zamanda geldi teşekkürler,5,1,ayakkabı
494,Muhteşem ötesi bir şey. Kesinlikle alın. Kalıbı tam. Aşırı rahat. Gün içinde çok ayakta kalan biriyseniz tam size göre. O kadar kibar ve narin duruyor ki çok beğeneceksiniz.,5,1,ayakkabı
495,Çok uzun süre giyince terleme çok yapıyor,5,0,ayakkabı
496,Çok güzel tam beklediğim gibi çıktı.,4,1,ayakkabı
497,Tabanı biraz sert geldi bana. Ama tasarım olarak şık ve iş görür.,4,1,ayakkabı
498,Fiyatına göre güzel,5,1,ayakkabı
499,Fiyatına göre güzel,5,1,ayakkabı
500,"Kütük gibi ayakkabı hiç rahat değil. Bu fiyata anca bu kadar olur çok birşey beklemeyin,bir beden büyük alın.",5,0,ayakkabı
501,Orta kalite,4,0,ayakkabı
502,"Ürünü 2. kez alışım. Rahat, kaliteli ve uygun. Teşekkürler.",5,1,ayakkabı
503,ayakkabı güzel begendim,5,1,ayakkabı
504,"Gerçekten muazzam güvenilir bir kişi ilk defa internetten siparişim burdakiyle aynı geldi helal olsun elinize sağlık,",5,1,ayakkabı
505,Tam olarak fotoğrafta göründüğü gibi,4,1,ayakkabı
506,Muggo dan aldığım 4.ürün. Diğer 3 ü şahane hiç şikayetim yok. Fakat bu ürün pek kaliteli değil. Yan tarafı iyi yapıştırılmamış. 42 giyiyorum parmaklarımı sıktı. Görünüş olarak çok basit görünüyor. Geri iade etmeyeceğim ama sanırım sadece ekmek almaya giderken giyeceğim.,1,0,ayakkabı
507,Fiyat iyi eywallah ama bir 6 ay sonra üzerindeki deri olmayan laylon benzeri şey yirtiliyor. Eğer 6 ay giyeceğim diyor iseniz alabilirsiniz.,1,0,ayakkabı
508,Berbat poşet gibi şambirelden farkı yok ....,3,0,ayakkabı
509,Ürün güzel ve rahat ama yürürken taban kısmı çok ses çıkartıyor,3,1,ayakkabı
510,"Çok dar, 40 numara giyiyorum ama 41 aldığım halde yine dar geldi burun kısmı çok dar, kalitesi normal, iç kısmı çok rahat değil",1,0,ayakkabı
511,Bu markanın ayakkabısını daha önce bir kaç kullandım. Gayet rahat oluyorlardı. Ama bu kalıp çok rahatsız edici. Yürüyüş için uygun değil. Bir kaç saatlik kullanım için uygun. Tüm gün ayağınızda kalırsa ben koku yapar hem de ayağınızı vurur. İade ile uğraşmamak için dursun ayakkabılıkta,2,0,ayakkabı
512,Fiyat uygun kargo hızlı ürün güzel,5,1,ayakkabı
513,Güzel ürün geç geldi ama değdi,5,1,ayakkabı
514,Ürün göründüğü gibi ve çok hızlı teslimat oldu teşekkürler,5,1,ayakkabı
515,Hızlı teslimat için teşekkür ederim,5,1,ayakkabı
516,Fiyatına göre gayet başarılı.,5,1,ayakkabı
517,Elimize defolu ulaştı fakat fark etmeden dışarda giydimiz için iade etmedik,3,0,ayakkabı
518,Ürün çok guzel,5,1,ayakkabı
519,Ayakkabi fiyatina guzel guzel kizim icin aldim teşekkürler,5,1,ayakkabı
520,Hızlı teslimat güzel ürün teşekkürler,5,1,ayakkabı
521,Şuan terlik fiyatına ayakkabı alın kombiniz için 8-10 defa giyin daha ne olsun,4,1,ayakkabı
522,"Fena değil, fiyatına göre iyi... 2 3 ay giyilebilir. Uzun ömürlü olacağını sanmıyorum. Zaten bu fiyata da daha fazlasını beklemek olmaz.",5,1,ayakkabı
523,Harika Teşekkür ederim.,5,1,ayakkabı
524,Ürün çok güzel ve kaliteli göründüğü gibi geliyor. Kargo çok hızlıydı.,5,1,ayakkabı
525,39 almıştım sepette 36 olmuştum geldi baktım çok küçük çocuğuma bile olmuyor...,1,0,ayakkabı
526,Ayakkabı birbiriyle aynı ama yamuk yspıştormışlar bu fiyata daha iyi kalite olması lazım,1,0,ayakkabı
527,"Güzel beğendik, göründüğü gibi geldi,kalıplar tam kendi numaranızı alabilirsiniz",5,1,ayakkabı
528,Bildiğiniz karton.iade ettim,1,0,ayakkabı
529,Tabanı nasır yaptı. Görünüşü güzel. Ama rahat değil. Bu fiyata çok bir beklentiniz olmasın,3,0,ayakkabı
530,Ürün güzel memnun kaldım alacak olanlara tavsiyem 1numara büyük almanız,5,1,ayakkabı
531,Ayakkabi kagit gibi ve açılma yaptı 2 gunde,1,0,ayakkabı
532,"Ürün gayet kalitesiz maksimum 3 ay giyilir, iade etmekle uğraşmak istemediğim iade etmedim",3,0,ayakkabı
533,Fiyat/performans ürünü gibi. Çokta kalite beklemeyin. Görünüm güzel.,3,1,ayakkabı
534,Begenmedim,1,0,ayakkabı
535,Kardeşime aldım 42 giyiyordu 43 azck büyük geldi ama 42 de küçük olurdu sanırım.. siyahı çok kötü yapışkan izleri belli oluyor. Beyazı normal derecede ztn bu fiyata bu kalite olur anca .,3,0,ayakkabı
536,Ayağınızın içine edilsim istiyorsanız alın,1,0,ayakkabı
537,"Dar kalıpta, olmadı rahatsız edecek iade de edemedim.",1,0,ayakkabı
538,Bu kadar kaliteli olacağını tahmin etmemiştim. Çok memnunum. Beden olarak tam numara aldım.,5,1,ayakkabı
539,"Eşime almıştım, beğenerek giyiyor.Pahalı markalardan pek bir farkı yok.Gayet kullanışlı.",5,1,ayakkabı
540,renk ve numara dogru geldi kullanmaya baslamadim abi kalitesi iyi fiyatina gore cok uygun,5,1,ayakkabı
541,Kampanyada iken aldım . Fiyatına göre çok güzel ve kaliteli. Kargo çok hızlı geldi.,5,1,ayakkabı
542,"Ürün görseldeki gibi, satıcı ürünün kargolama süresi hızlıydı biraz kalıp dar ayak numaranızın 1 numara büyüğünü alabilirsiniz.",4,1,ayakkabı
543,Valla. Parası ucuz ama. Giyilcek gibide degil hic beğenmedim,2,0,ayakkabı
544,Ürün elime geçti fiyatına göre çok iyi.. teşekkürler.,4,1,ayakkabı
545,Ürün güzel ama numaraya göre küçük Kalıp,4,1,ayakkabı
546,Çok güzel,5,1,ayakkabı
547,Çok büyük bir kalite beklemeyin. Sadece ayakkabı oldu. Giyim derseniz alın.,5,1,ayakkabı
548,Gayet güzel bir ayakkabı,4,1,ayakkabı
549,Bu kadar kaliteli olacağını tahmin etmemiştim. Çok memnunuz. Beden olarak tam numara aldım.,5,1,ayakkabı
550,Ürün defolu geldi.Önde soyulma var.Yapışkanları her taraftan çıkmış.öntarafı boyayıp giyicem.Sağlam olup olmadığı hakkında hiç bir fikrim yok.Deneyip görücez.Uğraşmak istemediğimden iade etmiyorum.Satıci daha dikkatli ve özenli olabilirdi.Sattım bitti mantığı çok yanlış.,2,0,ayakkabı
551,Fiyatına göre iyii,4,1,ayakkabı
552,Ürün çok rahat fiyatına göre çok iyi ben bir numara büyük aldım daha iyi oldu almak isteyen varsa hiç düşünmesin bence,5,1,ayakkabı
553,Fiyat performans,4,1,ayakkabı
554,Kargo hızlı geldi. fiyat performans ürünü ideal,4,1,ayakkabı
555,Ürün 10 numara bedava fiyata aldım ya herkese tavsiye ederim teşekkürler hepsiburada ve satıcıya.,5,1,ayakkabı
556,Bu fiyata bu kalite çok güzel. Aynı ayakkabının iki renginden aldım. Tavsiye ederim.,5,1,ayakkabı
557,Güzel,5,1,ayakkabı
558,Ürün çok guzel,4,1,ayakkabı
559,Bağcıkları orantısız delik eksik dikkatsiz satıcı iade etmek istiyorum yada bir bağcık yeri açacağım kötü urun,2,0,ayakkabı
560,2cift sipariş verdim biri siyah biri beyaz istediğim gibi gelmedi 2çiftte Beyaz geldi ve numaralar tekleme geldi paranızın çöp olmasını istemiyorsanız tavsiye etmem...,1,0,ayakkabı
561,Ben siyah olanını aldım kesinlikle almayın önü berbat hiç fotoğrafta durduğu gibi değil,1,0,ayakkabı
562,Çok kötü bir ayakkabı tabanı çok sert kullanışlı bir ürün değil almayın pişman olursunuz,1,0,ayakkabı
563,Çok kötü bı malzeme kullanılmis ayakkabı insanın ayaklarını yoruyo her yerden vuruyor kalitesiz,1,0,ayakkabı
564,Her yeri açıldı berbat,1,0,ayakkabı
565,Ben siyah beyaz sipariş verdim ama bana gelen beyaz ayakkabı sipariş takibi yok sanırsam firmada,1,0,ayakkabı
566,Ürün beklediğim gibi geldi teşekkür ederim.,3,1,ayakkabı
567,Çok dandik ayakkabi. 1 ayda yırtıldı. Paranızı boşa harcamayın buna.,1,0,ayakkabı
568,Birebir aynı ürün ama ben kendim gözle görmeden ayakkabı almam çünkü ben görselde beğendim ama giyemedim hoşuma gitmedi,3,1,ayakkabı
569,Orta kalite,3,0,ayakkabı
570,Siyah sipariş verdiğim ayakkabı beyaz gönderilmiş.,1,0,ayakkabı
571,Sadece 1gün giyebildim ayakkabıyı,1,0,ayakkabı
572,Yapışkanları bile belliydi. .. iadeyle uğraşamıcaz. Bu fiyata bu kalite işte,3,0,ayakkabı
573,1 numara büyük alınması gerekir fiyatına göre çok iyi bir ürün,5,1,ayakkabı
574,Çok kalitesiz aldığınız paraya kesinlikle deymez ben aldım siz almayın paranızı çöpe atmayın,1,0,ayakkabı
575,Aynı ayakkabının farklı renklerinden 5 adet aldım çok memnunum,5,1,ayakkabı
576,Rahat ve güzel bir ayakkabı indirimdeyken aldım.,5,1,ayakkabı
577,Fiyat performans ürünü diyebiliceğim bir Ayakkabı,5,1,ayakkabı
578,Şık bir duruşu var fiyat ta çok uygundu.severel kullanıyorum gayet güzel,4,1,ayakkabı
579,Üç çift aldık çok güzeller,5,1,ayakkabı
580,İyi,4,1,ayakkabı
581,Fiyata göre iyi. Ama çok kalite beklentiniz olmasın,4,1,ayakkabı
582,kampanyadan aldim fiyat performans urunu.,5,1,ayakkabı
583,Kampanyada iken aldım fiyatına göre çok güzel ve kaliteli.,5,1,ayakkabı
584,Güzel fiyata güzel ürün,5,1,ayakkabı
585,Mükemmel,5,1,ayakkabı
586,10 numara beş yıldız,5,1,ayakkabı
587,1 numara büyük alınması gerekir fiyatına göre çok iyi,5,1,ayakkabı
588,Mükemmel,5,1,ayakkabı
589,Teşekkürler,5,1,ayakkabı
590,"Göründüğü gibi geldi, teşekkürler",5,1,ayakkabı
591,Biraz terettut etmistim ve yorumlara bakarak aldim rahat bir ayakkabi tavsiye ederim....,4,1,ayakkabı
592,Fiyatına gore çok guzel,5,1,ayakkabı
593,Eşime almıştım çok beğendi fiyatına göre başarılı,5,1,ayakkabı
594,Rahat ve güzel bir ayakkabı indirimdeyken aldım.,5,1,ayakkabı
595,Fiyat performans ürünü,5,1,ayakkabı
596,Çok memnun kaldık herkesin almasını tavsiye ederim,5,1,ayakkabı
597,Ne kadar mükemmel bi ayakkabı anlatamam ikinci tercih edişim ve içindeki ortapedik taban fiyatının hakkını veriyor. uzun süre ayakta çalışanlar mutlaka alınn,5,1,ayakkabı
598,Gerçekten çok güzel bu fiyata bu ayakkabı süper,5,1,ayakkabı
599,Fiyata göre iyi. Ama çok kalite beklentiniz olmasın,4,1,ayakkabı
600,kalitesini beğenmedim.,2,0,ayakkabı
601,Ürün tam beklediğim gibi çook teşekürler,5,1,ayakkabı
602,Hızlı teslimat için teşekkür ederim ürün gayet iyi parasına değer,4,1,ayakkabı
603,Abi iç tabanı gerçekten ağrı ve terletme yapıyor ayrıca dış alt tabanı bildiğiniz topuklu ayakkabı sesi edası ile yurumenizi sağlıyor bunları düşünerek alalım ben aldım parama yazık oldu :),1,0,ayakkabı
604,Fiyata göre normal,3,1,ayakkabı
605,derisi gerçek değil ve kırılıyor,1,0,ayakkabı
606,Tabanına kadar Sert ayakkabı,1,0,ayakkabı
607,Parasına göre biraz daha güzel malzeme ola bilirdi,1,0,ayakkabı
608,kalitesi çok kötü,1,0,ayakkabı
609,Kesinlikle merdiven altı uretim,1,0,ayakkabı
610,Yapıştırıcı izleri görünüyor böyle saçma sapan bir ayakkabı görmedim çöpe attım,1,0,ayakkabı
611,İğrenç bir ayakkabı ilk giyişte yırtıldı sakın almayın,1,0,ayakkabı
612,Rahat bi ayakkabi degil,1,0,ayakkabı
613,Bir hafta sonra kesinlikle paramparça oluyor,1,0,ayakkabı
614,Ürün sert tabanı da rahat değil,1,0,ayakkabı
615,Siyah istersiniz beyaz gönderirler ve ürün kalitesi çok düşük,1,0,ayakkabı
616,Fiyat performans diyebiliriz. Çok fazla ergonomiklik beklemeyin,3,1,ayakkabı
617,Vasatt sert esnek falanda değil,1,0,ayakkabı
618,Fiyat performans ürünü,4,1,ayakkabı
619,"Ucuz etin yahnisi... Oğluma evde denemeden sonra , dışarıda giydiremedim henüz",2,0,ayakkabı
620,Çok guzel,5,1,ayakkabı
621,Çok rahat bir ayakkabı değil sürekli spor ayakkabı giydiğim icinn belki de fiyatına göre sezonluk giyilebilir ayagimi acıttı,5,1,ayakkabı
622,Muhteşeemmmm kargolanması ayakkabının kalitesi hepsi çok güzel,5,1,ayakkabı
623,Çok basit ve kalitesiz duruyor.,2,0,ayakkabı
624,Aradığım air modeli sonunda buldum ve aldım Ürün o kadar kaliteli ki çok çok beğendim ve ayakta da çok güzel duruyor,5,1,ayakkabı
625,Ürün gerçekten mükemmel aradığınız bir çok mağazada bulamayacağınız bir ürün,5,1,ayakkabı
626,Fiyatına göre çok iyi,4,1,ayakkabı
627,Fiyatına göre iyi,4,1,ayakkabı
628,Fiyat performans ürünü,4,1,ayakkabı
629,Fiyat performans ürünü,4,1,ayakkabı
630,Ürün düşük fiyat ama giyilicek gibi değil,2,0,ayakkabı
631,Ayakkabı görseldekinden daha güzel kesinlikle tavsiye ederim,5,1,ayakkabı
632,Çok uygun fiyata aldım işte kullanmak için ideal,4,1,ayakkabı
633,Tek kelime ile efso,5,1,ayakkabı
634,Fiyat performans ürünü çok sık,5,1,ayakkabı
635,göründüğünden çok daha güzel ve kaliteli hiç düşünmeden alın derim ben aşık oldum,5,1,ayakkabı
636,Mükemmelllllll. Aşk yaşıyorum. Yumuşak kalıp ayağı vurma yapmıyor. Hafif.,5,1,ayakkabı
637,Fiyatına göre çok iyi,4,1,ayakkabı
638,Çok memnun değilim,3,1,ayakkabı
639,Ürünler gayet güzeldi ama kullanmadan iade ettik,3,0,ayakkabı
640,İyi ama fazla terletiuor.,3,0,ayakkabı
641,Çok kötü. Yanlışlıkla 1 numara büyük söylememe rağmen ayağını mahvetti eşimin. Gidin deneyin mağazadan alın.,1,0,ayakkabı
642,Terleme çok yaptı,1,0,ayakkabı
643,Fiyat performans ürünü bu fiyata alınacak ürünlerden bir tanesi paketleme ve kargo için teşekkürler hepsi burada,3,1,ayakkabı
644,Ayakkabı iyi ancak kendi numaranızı 1 numara büyüğünü almanızı tavsiye ediyorum,3,1,ayakkabı
645,Beğenmedim,1,0,ayakkabı
646,Birisi birisinden daha büyük biri sıktı ayağımı birisi bol çok saçma pişman oldum,1,0,ayakkabı
647,Aldığım ürün yanlarda acılmiş iki üründe biri defolu çıktı,1,0,ayakkabı
648,Çok aşırı derece de kalitesiz 1kere giyildi ve bu hale geldi,1,0,ayakkabı
649,kalıbı numaraya gore cok kucuk iade ettim kalitesi güzeldi,3,0,ayakkabı
650,Beklenildiği gibi olmadı..sanki uzun süredir depoda duruyormuş gibi..,1,0,ayakkabı
651,YANLARINDA SARI SARI SLİKON VAR :),2,0,ayakkabı
652,"10 yıldız olsa onu verirdim, harika",5,1,ayakkabı
653,ayakkabı harika ötesi duruşu harika,5,1,ayakkabı
654,Ürün süper bayıldım. Çok rahat ve çok şık.,5,1,ayakkabı
655,fiyatına göre aşırı iyi bir ayakkabı. tavsiye ediyorum.,5,1,ayakkabı
656,F/p ürünü,4,1,ayakkabı
657,Cok beğendim teşekkürler,5,1,ayakkabı
658,Çok kaliteli bir ürün,5,1,ayakkabı
659,Kargo hızlı teslimat yaptı paketleme ise çok iyiydi,5,1,ayakkabı
660,Ürünü çok beğendim her rengini aldım uygun ve kullanışlı,5,1,ayakkabı
661,Ürün gayet güzel rahat ve kullanışlı kesinlikle tavsiye ederim,5,1,ayakkabı
662,çok memnun kaldım aşırı rahat tavsiye ederim,5,1,ayakkabı
663,Çok beğendim duruşu ve rahatlığı çok güzel.,5,1,ayakkabı
664,Güzel,4,1,ayakkabı
665,Ürünü çok beğendim kumaşı ve modeli çok hoşuma gitti,5,1,ayakkabı
666,Ürünü çok beğendim çok şık ve rahat bi ürün tam beklediğimiz gibi geldi,5,1,ayakkabı
667,Fena değil,4,1,ayakkabı
668,Alt tabanı sert yumusak yapılabilirdi yürürken tat tat ses yapıyor,2,0,ayakkabı
669,İyi,4,1,ayakkabı
670,Ürün mükemmel. Bu fiyata göre çok çok iyi.,5,1,ayakkabı
671,çok güzel ve kaliteli ürün herkese tavsiye ederim,5,1,ayakkabı
672,Cok kalitesiz duruyo bu fiyatı hak etmiyo,1,0,ayakkabı
673,Bu fiyata idare eder çok kaliteli diyemem ama iş görür bı sıkıntısı yok kalıbı baya dar,3,1,ayakkabı
674,Hızlı kargo için tşkrler ürün güzel beyendim ve giyildi bile,3,1,ayakkabı
675,Tavsiye etmiyorum bir ayı dolmadan altı yırtıldi,1,0,ayakkabı
676,Tabanı çabuk açıldı.,3,0,ayakkabı
677,Ürün fotoğraflarda gördüğünüz gibi geliyor daha giymedim ama güzel görünüyor,3,1,ayakkabı
678,İşe gidip gelmek için almıştım dış görünüşü idare eder ancak ayakkabının tabanı KUNDURA AYAKKABI ile aynı,1,0,ayakkabı
679,Çok kötü bir ayakkabı,1,0,ayakkabı
680,Aşırı sert defolu ve vernik lekeleri vardı. Ayağa vurması da cabası,1,0,ayakkabı
681,Çok kalitesiz,1,0,ayakkabı
682,"Kalıbı cok kucuk, 1 beden büyük tercih edilmeli, bildigijiz pazar ayakkabisi kalitesinde",3,0,ayakkabı
683,Verdiğim paraya değmez .kalitesiz.,1,0,ayakkabı
684,"Fiyat performans ürünü, gayet güzel",4,1,ayakkabı
685,Eh iste,2,0,ayakkabı
686,Tahmin ettiğim gibi iş görür,4,1,ayakkabı
687,Kalite rahatlık veya konfor yok ayakkabının uçları hemen kırıldı fiyatı ucuz ama kalitesi de ucuz,2,0,ayakkabı
688,Güzel,4,1,ayakkabı
689,Sert bi ayakkabi hediye almistim begenmedi,2,0,ayakkabı
690,Beklediğimden daha iyi,4,1,ayakkabı
691,Çok sert ve yamuk geldi,2,0,ayakkabı
692,Rahat değil,1,0,ayakkabı
693,Görüntü olarak güzel görünüyor,3,1,ayakkabı
694,Ürün 2. giyişte her tarafı yırtıldı. İlk kez böyle bir ayakkabıya şahit oldum.,1,0,ayakkabı
695,Fotoğrafta çok şık fakat oldukça geniş bir ayakkabı bu yüzden iade ettim,3,0,ayakkabı
696,Urun hic kaliteli degil ayaginiz icinde terliyor yanlarindan acilmalar var iyi yapistirilmamis.hic begenmedim,1,0,ayakkabı
697,Aşırı kaliteli değil ama iş görür görüntüsü güzel biraz katı sadece,3,1,ayakkabı
698,Çok sert bir ayakkabı rahat değil,2,0,ayakkabı
699,Laylon ayanızı mafeder aldım iyade edicem çok kötü hemde çokk,1,0,ayakkabı
700,Güzel ama altı çok sert,1,0,ayakkabı
701,astarı 20 günde dagıldı,1,0,ayakkabı
702,Fiyatına göre iyi bir ürün amcam yorumlarda çok övüldüğü için beklentim artmıştı karşılamadı maalesef ve ön kısmı ezik gibiydi,3,1,ayakkabı
703,Sağ ayakkabın uç kısmı yamuk ve yapışkanı açılmış,2,0,ayakkabı
704,Adi bir ayakkabı sakın almayın,1,0,ayakkabı
705,Ayakkabıyı giydiğim 2.gün yanındaki yapışkan kısımda açılma oldu. Verilen paraya yazık.,1,0,ayakkabı
706,tabanı berbat. 3 . giyişimde yapışkan yerleri ayrıldı,1,0,ayakkabı
707,Ürün çok güzel değil çok basit bi ürün bu fiyata çok güzel bi ürün beklenmez ama idare eder de diyemiyorum.,1,0,ayakkabı
708,Ayakkabı eksik geldi inanılmaz kalitesiz,1,0,ayakkabı
709,Berbat hemen yüzünde kırılma oldu asla tavsiye etmiyorum,1,0,ayakkabı
710,Yanlış gönderim biz siyah aldık ama altı beyaz geldi,2,0,ayakkabı
711,Ürün indirimde diye aldık fakat pek kaliteli görünmüyor. Yolda bırakabilir.,2,0,ayakkabı
712,"Ürün çok basit. Kullanışsız, ayağınızı acıtıyor. Ürüne ihtiyacınız varsa bile başka bir ürün alın",1,0,ayakkabı
713,Parasına göre çok kalitesiz taban çok kötü iç kısmı biraz daha kaliteli olabilir ayak tabanınızı çok acıtıyor tavsiye etmiyorum,1,0,ayakkabı
714,Ürün resimde güzel gözüküyor fakat hiç kaliteli değil ve kalıpları çok dar.keşke almasaydım.,1,0,ayakkabı
715,Hiç tavsiye etmiyorum giydiğim gün yırtıldı yarı yolda bırakır sizi paranızı çöpe atmayınn,1,0,ayakkabı
716,kalıbı çok dar iade ettim,1,0,ayakkabı
717,FENA DEĞİL,3,1,ayakkabı
718,Umdugumdan daha kötü geldi beden ölcüleriyle alakası yok hiç tavsiye etmiyorum 2 adet sipariş verdim ikiside aynı beden ama bunu alakası bile yok birinin rengi değişik geldi diğeri çok bol aşırı hemde kalitesiz ürün,1,0,kıyafet
719,Ben beğendim. Güzel duruyor. Ayrıca yıkadım ve renk atması OLMADI. İnsan gibi 30 derecede kaliteli ilaçla yıkayın.,5,1,kıyafet
720,Güzel beğendim,5,1,kıyafet
721,"Beklediğim ürünle alakası yok. Bambaşka birşey göndermişler. Elinizde ürün yoksa yok deyin, başka sahte ürünü göndermenin bir manası yok.",1,0,kıyafet
722,"5-6 sene öncesinde aldığım pantolonla aynı kalitede bekledim fakat aynı kalitede değil. Ayriyeten bej renkli eşofman modelinden istemiştim, hardal rengi düz pantolon göndermişler. Onu iade edeceğim. Bu sefer hiç memnun kalmadım.",1,0,kıyafet
723,Ürünü daha önce de aldım kullanışlı güzel yalnız bu kez Bej istedim farklı renk geldi iade edicem,2,0,kıyafet
724,30 beden istedim 31 geldi yoksa yok neden başka beden yolladınız.,1,0,kıyafet
725,Rengi çabuk atıyor iyi değil,1,0,kıyafet
726,Ürünü aldım tam istediğim gibi tavsiye ederim,5,1,kıyafet
727,Aynı ürünün siyah olanı bedeni oluyor ama haki rengi malesef bedeni olmuyor,1,0,kıyafet
728,Üstüme tam oturdu 184 84 kg ım mankenin üstündeki gibi oldu tam oturdu çok rahat tam iş pantolonu koku diyenler çok var abartacak kadar değil birden fazla renk aldım yıkanınca boya verirmi bilmem ama çok iyi bir küçük bedeni dr olabilirdi ama böylesi daha rahat oldu ve boydan sıkıntı olmadı,5,1,kıyafet
729,Pantolonun kesimi duruşu paçaların darlığı kesimi gayet başarılı çok hızlı bir sekilde gönderim sağladılar 4 puanı cepten dolayı verdim cep biraz daha uzun olabilirdi,4,1,kıyafet
730,Çok iyi,5,1,kıyafet
731,"Okul için aldım , bel kısmı oldukça bol ,terziye yaptırdım, güzel,okul forması fiyatlarından daha uygun.",5,1,kıyafet
732,Mükemmel,5,1,kıyafet
733,Birkaç yıl önce aynı markanın 2 pantolonunu almıştım. Kumaş değişmiş biraz daha ince yeni gelen pantolonlar. İşte giyilir f/p,4,1,kıyafet
734,Ürün tam istediğim gibi çok teşekkür ederim emeği geçen herkese teşekkürler,5,1,kıyafet
735,Kesinlikle tek kelimeyle harika ve herkese tavsiye ederim pişman olmazsınız....,5,1,kıyafet
736,Malzeme güzel ancak kalıbı büyük. Değişim için gönderdim ama iade yapıldı.,5,1,kıyafet
737,Gayet güzel tek sorun farklı bir kokusu var onun dışında iyi,5,1,kıyafet
738,yaklaşık 3 yıkama sonra rengi attı simsiyah çok iyiydi şuan beyaz ve griye yakın,3,0,kıyafet
739,Çok rahat çok güzel kesin teşekkürler,5,1,kıyafet
740,Teşekkür ediyorum rahat bir pantolon iş ben çiftçi bir insanım,5,1,kıyafet
741,Gecen senelerde de almıştım memnun kaldım sanayi ortamda giyiyorum gayet rahat bu senede 3 adet aldım yine satıcı zamanda gönderim ve zamanında teslimat. Teşekkürler. 33 beden,5,1,kıyafet
742,Süper,5,1,kıyafet
743,Süper,5,1,kıyafet
744,"175 boy 70 kg , 31 beden aldım oldu ,",4,1,kıyafet
745,Guzel urun. Paçası 2 cm filan daha uzun olsaydı daha şık dururdu.,4,1,kıyafet
746,Harika,5,1,kıyafet
747,Ürün güzel tam üstüme oldu çok beğendim,5,1,kıyafet
748,Fena değil,3,1,kıyafet
749,"Aldığım ürün gelmedi düğmeli ve trendyol markasının ürününü göndermişler, eşimin işte giymek için götürmesi gerektiğinden iade etmedim",1,0,kıyafet
750,Güzel Fakat Düymesi Biraz Çirkin Duruyo,4,1,kıyafet
751,Tavsiye ederim..,5,1,kıyafet
752,Ürün bir yıkama sonrası soldu ve giyilmeyecek durumda alalı 10 gün olmadı,1,0,kıyafet
753,Buradan 2 pantolon aldım ortalama 2 yıldır giyiyorum. Gayet güzel ve rahat pantolon,5,1,kıyafet
754,Öncelikle 2 puanı bacak kısmında 3 cmlik yırtık oldugu için kırdım. Dikilmicek yerde olmadıgı ve işte giyeceğim için iade etmedim. Bundan önce yeşilini aldım memnun kaldım o yüzden kalitesi iyi ama yırtık olmasaydı daha iyi olurdu. Alacak kişilere önerim alınabilir. Boyum 1.78 kilom 70 31 beden tam oldu. Teşekkürler,3,1,kıyafet
755,Herzamanki gibi süper,5,1,kıyafet
756,36 beden füme renk sipariş etmiştim. Onu da o üründe indirim vardı o yüzden. 34 bile seçsem fiyat yükseliyordu. Daha önce haki renk 36 numara almıştım azıcık bol idi ama kullanıyordum. Fiyatından dolayı füme 36 sipariş geçtim. Dediğim gibi bedeni 34 bile yapsam fiyat değişiyordu bende indirim olanı sipariş geçtim. Gele gele siyah renk l beden bir ürün geldi. Gelen ürün de çok kaliteli bir kumaşa sahip. Bedeni falan da tam oturdu. Şans mı desem tesadüf mü kısmet bu imiş artık. Giydim memnunum.,4,1,kıyafet
757,Sonradan rengi bayağı soluyor ama kumaşı iyi diyebiliriz,4,1,kıyafet
758,"Çok şık. Tam kışlık. Çok güzel. Paça boyu kısa, ona göre sipariş edin",5,1,kıyafet
759,Yazlik pantolon resimdekiyle aynisi gayet spor bi pantolon sadece ayni modellere göre biraz pahali,4,1,kıyafet
760,Ürünün her yeri iplik. Zayıf pantolon,1,0,kıyafet
761,5 kuruş etmez kalitesiz,1,0,kıyafet
762,Eşime hediye aldım çok güzel duruşunusevdim ama kaliblari dar iade ettik mecbur,3,0,kıyafet
763,Fena değil yazlık bir ürün,4,1,kıyafet
764,Cok güzel ve kaliteli yazın giyilmez ama kalin kumaşı ...Alırken dikkate alın liralık kumasi,5,1,kıyafet
765,Çok güzel ve kaliteli ... teşekkür ediyorum pişman olmadım,5,1,kıyafet
766,Fena değil,5,1,kıyafet
767,Kumaşı likralı bacakları ince olanlar için daha uygun kalıbı rahat. Tekrar tercih edebileceğimiz bi ürün. Aracı olduğu için hb teşekkürler,5,1,kıyafet
768,Ürün güzelde haki istedim yeşil geldi şimdi yeşil ördek yavrusu gibi gezıyorum,4,1,kıyafet
769,Sonunda anlatıldığı gibi bi ürün aldım hepsiburadadan,5,1,kıyafet
770,Bes yildizdan fazlasini hak ediyorlar.,5,1,kıyafet
771,29 giyiyordum biraz bol durması için 30 beden aldım ama çok bol oldu kendi bedeninizi alın arkadaşlar bu arada boyunuz kısaysa yakışmıyor,5,1,kıyafet
772,Zamanında geldi Beğendim teşekkürler,5,1,kıyafet
773,Gayet kullanışlı,4,1,kıyafet
774,Hızlı kargo ve teslimat için teşekkürler,5,1,kıyafet
775,Beklediğim gibi geldi kaliteli ve fiyatın gore çok güzeldi beğendim,5,1,kıyafet
776,Gayet kaliteli ürün fiyatına göre gayet güzel,5,1,kıyafet
777,Çok Güzel,5,1,kıyafet
778,Çok kaliteli bir ürün Benim boyum 1.84 kilo 102 103 gibi 34 beden aldım tavsiyem 36,5,1,kıyafet
779,Tam aynısı geldi,5,1,kıyafet
780,Çok iyi,5,1,kıyafet
781,Keşke lastiksiz seçeneği de olsa terazide çıkartırdım,5,1,kıyafet
782,Çocuklarıma aldım ve ikiside çok beğendi gayet güzel,5,1,kıyafet
783,Biraz dar geldi ve renk i her yıkamada biraz daha soluyor ama yinede beğendim rahat ti...,4,1,kıyafet
784,Ürün güzel ama dar kesim bi beden büyük alın,4,1,kıyafet
785,Tek yıkamada rengi mahvoldu ters yıkanması rağmen,2,0,kıyafet
786,Ürün çok güzel çok beğendim. Tek sıkıntı fermuarı arızalı ama uğraşmak istemiyorum yaptırıp giyeceğim. Satıcı biraz daha dikkatli olmalı sadece. Ürün hızlı geldi güzel paketlenmiş. Tam bedenimi sipariş ettim ve tam oldu boyu falan çok iyi.,4,1,kıyafet
787,"yıldıza aldanmayın, yorumumu yayınlasınlar diye 4 yıldız verdim yoksa aslında 1 yıldız. ürün açıklamasında 98 pamuk 2 elastan yazıyordu. pantolonu elime alır almaz bu oranların olmadığını anladım ve pantolonun iç etiketine baktım. 61 pamuk 37 polyester 2 elastan. iade ettim bu kadar kalitesiz bir şey beklemiyordum!",4,0,kıyafet
788,Daha once almıştım cok begenip yenıden sipariş verdım fakat ıkıncı urun tam bır fıyasko bır daha alısverıs yapmam,1,0,kıyafet
789,Çok berbat özellikle de kumaş,1,0,kıyafet
790,"Kumas kaliteli degil renk olarak soluk ve mat beden ise dar kalip,o yüzden alirken bir beden büyük almanızı tavsiye ederim onun haricinde mat saiyah sevenler icin idael olabilir",3,1,kıyafet
791,Ben aldım hiç beğenmedim ama kendi fikrim alıcaklarq da burdan fikir olsun normalde 34 beden giyiyorum ama biraz büyük olsun diye 36 aldım o bile olmadı bacaklardqn girmiyor bile teslimattw bir gecikme yaşadım ama o kadar olucak. Fiyatına göre kalitesiz pantolon da ben iade ettim,3,0,kıyafet
792,Urun oyle bir kokuyorki bir elektrikci olarak evde 2 gun yanik aradim. Resmen priz yanigi gibi kokuyor. Bedeni guzel daha yikamadik bakalim renk atacakmi,1,0,kıyafet
793,Ürünü hç beğenmedim. Geri iade ediyorum,1,0,kıyafet
794,Ömrüm berbat ya gerçekten kumaşı olsun dikişler olsun kumaş aralarındaki dikişlerin içinden ip parçacıkları püskülleri çıkmış ürünü zaten bedeni ile alakası yok ben bunu zaten işte giymek için almıştım işte giymeye bile gerçekten çok kötü durumda yani bu öyle bir pantolon ki pantolon değil aslında sallamasyon iki tarafı Dikili v şeklinde bir kumaş parçası bu kadar,2,0,kıyafet
795,Gayet güzel,5,1,kıyafet
796,Güzel,5,1,kıyafet
797,"Çok güzel ve kaliteli bir ürün, tavsiye ederim",5,1,kıyafet
798,Tam istediğim gibi geldi bedeni iyi rahat tavsiye ederim,4,1,kıyafet
799,Beğendim bedeni tam oldu,5,1,kıyafet
800,Bütün renklerini alıyorum boyum 1.78 kilom 82 34 beden tam bana göre çok rahat çok güzel,5,1,kıyafet
801,Kumaşı hoşuma gitmedi,2,0,kıyafet
802,Gayet güzel fiyatına göre,5,1,kıyafet
803,83 kilo 175 boyunda olan eşime 34 beden aldım tam oldu 1 bedene kadar esneme payı varmış gönderilen nota göre bilsem daha küçük alırdım çünkü açıklama da bir beden büyük alin yazıyordu. Ürün belirtilen süreden önce hızlı geldi paketleme güzeldi. 4 mevsim kullanilabilecek bir ürün bence renk de vermezse çok çok iyi satıcı ve hepsi burada ya teşekkür ederim,5,1,kıyafet
804,Tek kelimeyle harika kesinlikle tereddüt etmeden alın,5,1,kıyafet
805,Baya iyi,5,1,kıyafet
806,Güzel,5,1,kıyafet
807,Görsel de olduğu gibi geldi çok beğendim,5,1,kıyafet
808,Tam üzerime göre oldu 180 boy 90 kilo 34 beden tam oldu normal brdenımdr 34 bence bedeniniz neyse onu alın,5,1,kıyafet
809,2 gün içinde elime ulaştı güzel paketleme ve kaliteli ürün bir o kadar da rahat tavsiye ederim,5,1,kıyafet
810,Zamanında geldi memnun kaldım teşekkürler,5,1,kıyafet
811,Çok güzel memnun kaldım,5,1,kıyafet
812,Çok rahat fakat cepleri biraz küçük,4,1,kıyafet
813,İnce ve güzel. Kumaş kalitesi orta.,5,1,kıyafet
814,Hastane kokusu var kimyasal kokuyor ama giyilebilir iyi duruyo,3,1,kıyafet
815,"boy 1,74 kilo 72 32 beden aldım tam oturdu. hepsi buradaya hızlı kargosu için teşekkürler.",5,1,kıyafet
816,farklı geldi,1,0,kıyafet
817,Ürün kalitesi beni fazlası ile şaşırttı sadece mankendeki gibi maalesef durmuyor ancak kumaş kalitesi ve dikişleri çok kaliteli,5,1,kıyafet
818,Çok güzel,5,1,kıyafet
819,Süper çok beğendim ilk başta terettüt ettim ama sonradan çok güzel çıktı,5,1,kıyafet
820,Verdiğiniz parayı fazlası ile hak ediyor ürün çok güzel bundan sonra korkmadan alışveriş yapacağım bir yer buldum ayrıca içinden çıkan teşekkürler notu çok inceydi,5,1,kıyafet
821,Güzeldi ama cepler çok asagidaydi rahatsız ettiği için iade ettim ama ürün iyi,4,1,kıyafet
822,"Harika, çok beğendim, 32 beden dar olacağını düşündüğüm için 34 beden aldım, tam istediğim gibi ne dar ne bol, dikişler ve kumaş harika, her mevsim rahatlıkla giyilebilir.",5,1,kıyafet
823,"Ürün fena değil, ilk yıkama oldu renk atmadı çekme yapmadi",4,1,kıyafet
824,Tskrler,5,1,kıyafet
825,Aldığım 3. pantolon. İnanılmaz memnunum,5,1,kıyafet
826,alırken şüphelerim vardı ama mükemmel derecede güzel çıktı.tek düşüncem yıkadıktan sonra solmaması.172 boy 70 kilo 31 beden aldım tam üzerime oturdu.fiyat/performans ürünü tavsiye ederim,5,1,kıyafet
827,"Çok beğendik eşime hediye aldım, tam bedenini aldım 77 kilo 34 beden tam oldu hatta biraz bol bile oldu çok rahatmış ve çok kaliteli aldığınız parayı hakediyorsunuz, haki rengini aldım, siyahını da alacağım.. :)",5,1,kıyafet
828,Gayet başarılı,5,1,kıyafet
829,Yoruları görünce korkmuştum acıkcası ama çok guzel oldu sadece siyah dugme degilde kumaşla aynı renk dügme vardı ceplerde kumaşı likralı ince tam yazlık bir kumaş,5,1,kıyafet
830,"Ürün inanılmaz kalitesiz. 4 yıldızı nasıl aldı anlamış değilim. Önce eksilerini yazayım 1- Dikişleri çok özensiz ve basit duruyor 2- Üründe inanılmaz bir kimyasal koku var yıkansa bile geçmiyor. Hatta yanında yıkanması için attığınız giysilerde aynı koku ile çıkıyor. 3- Ürün defolu geliyor çok dikkatli inceleyin derim. Ben etiketlerini kopardıktan sonra fark ettim. Paçanın lastik kısmının hemen üzerinde 1cm'lik yırtık vardı. 4- Ters çevirdiğinizde cep astarlarının ne kadar basit olduğunu göreceksiniz. Adeta transparan, sanıyorum bir kaç giyimden sonra delinecektir. 5- Ürün ilk yıkamada soluyor. Üzerinde yazan talimata göre yıkamama rağmen kuruyunca solduğunu fark ettim Artıları 1- Çok rahat pantolon Uzun lafın kısası kullanılan kimyasallar sizin için sorun değilse ve defolu olmasını, birkaç giyimden sonra atacağınızı göze alıyorsanız, tercih edilebilir.",1,0,kıyafet
831,İyi bir firma pantolonlar çok şık yanlız son şiparişim de bej istememe rağmen siyah gönderilmiş biraz daha dikkatli olmaları gerekiyor,3,1,kıyafet
832,Gerçekten ilk başlarda güzeldi ama kullandıkça ceplerindeki circitlar koptu hep dikişleri atmaya başladı,3,1,kıyafet
833,Paranıza yazık olur. Kesinlikle tavsiye etmem.İlk yıkamada soldu.,1,0,kıyafet
834,Bana gelen bu resimle alakasız birşey iş elbisesi gibi kumaş bi pantolon,1,0,kıyafet
835,Ağır bir kokusu var. Yıkanınca da geçmiyor. Bilekteki lastikleri çok sıkı yukarı doğru çekiyor.,3,1,kıyafet
836,Likralı istedim paraşüt geldi.,1,0,kıyafet
837,Kokuyor ve çabuk soldu :(,1,0,kıyafet
838,İlk yıkamada renk soldu,1,0,kıyafet
839,Dikiş kalitesi cok kötü hemen sökülüyor. Ve bel kısmı biraz tuaf yapmıslar,3,0,kıyafet
840,Ürünü eşime aldık bedeninize göre alın ama ben cuk otursun istemiyorum az bol olsun derseniz bir beden büyük alabilirsiniz.. Kumaş kalitesi baya iyi kışında rahatlıkla giyinebilir ince kumaş değil.. Haki rengi çok güzel diğer renginide almayı düşünüyoruz..,5,1,kıyafet
841,Güzel tam kalıp ama yikanmada hafif renk soldu eğer her yıkamada solarsa giyilmez hale gelirama bir kerelik solmaysa sıkıntı olmaz,3,1,kıyafet
842,Ürün çok rahat bir ürün değil toz tüyçük ne varsa üstüne çekiyor iade sürem doldu iade etmediğime pişman oldum.,3,0,kıyafet
843,Ürünü çok beğendik. Normalde 34 beden giyiyordum ama 36 beden sipariş verdim iyiki de öyle yapmışım. Tam oldu,5,1,kıyafet
844,Fotoğraftaki ile hiçbir alakası yok okul pantolonları bile çok daha iyi açıkçası,1,0,kıyafet
845,Modeli güzel ama kumaş kalitesi kötü. Lacivertini aldım İki gün giydim 5 yıllık pantolonmış gibi durdu. Bide yakıyor,2,0,kıyafet
846,Çok güzel ürün,5,1,kıyafet
847,Pantolon güzel malzeme kalitesi kötü,2,0,kıyafet
848,Rahat ve kullanıslı cok beyendim,5,1,kıyafet
849,Ürün gerçekten kaliteli arkadaşlar 1 beden büyük almanızı tavsiye ederim lastikli olduğu için daha rahat duracaktır,5,1,kıyafet
850,178 CM BOY 75 KG 33 BEDEN TAM OLDU. BEKLENTİMİN ÜSTÜNDE BİR KALİTESİ VAR. GAYET ŞIK VE RAHAT.,5,1,kıyafet
851,Ürün güzel beğendim. Beğlediğimden daha iyisi geldi. Beden biraz büyük ama daha rahat. Teşekkürler,5,1,kıyafet
852,"Ne eksik ne fazla tam istediğim gibi geldi, ayrıca kargomda 1 gün içinde geldi .",5,1,kıyafet
853,Ürün güzel. Bedeniniz neyse onu alabilirisiniz. Sadece ürünler fabrika çıkışlı kadar iyi değil. Hani kalite olarak beklentiyi az düşürün. Üzerimde iyi durdu. Kesimi falan iyi de işte ne kadar dayanacak göreceğiz.,4,1,kıyafet
854,Yan cepleri küçük paçası kısa geldi bana kumaşı güzel,4,1,kıyafet
855,Tam bedenimi aldım kumaşı falan hoşuma gitti hızlı kargolama da çok önemliydi teşekkür ederim,5,1,kıyafet
856,Önce siyahını aldım. Beğenince hâki rengini aldım çok çok memnunum. Kargoda beklenenden önce geldi şiddetle tavsiye ediyorum.,5,1,kıyafet
857,Pantalon çok rahat ve hoş. Tek sorun cepleri çabuk deliniyor.,4,1,kıyafet
858,Aşırı renk atıyo,5,0,kıyafet
859,Fiyatına göre pantolon çok iyi likralı kumaşı rengi kesimi çok iyi bilerek büyük beden istedim az küçültlmem gerekecek şimdide siyahını isteyecem 36 beden isteyecem kotta 33 giyiyordum 36 tam olacak gibi tşk beğendim,5,1,kıyafet
860,Ürünler güzel ve tam istedigim gibi geldi ama biraz pantolonlarda acayip koku var yıka yıka kokusu cıkmiyor kokusunda olmasa gercekten ürün kaliteli ondan puan kırdim kokusu cok vazla var,4,1,kıyafet
861,Boyum 1.88 kilo 89 36 beden sipariş verdim tam üzerime oldu ürün güzel ben beğendim kargo ile hızlı bir sekilde elime ulastı,5,1,kıyafet
862,Ürünler kaliteli olmasina ramen pantolonlarda koku var asiri derecede yıkadıkca koku cıkıyor ürün rahat kullanişli aldigim dan beri kokusu cikmiyor puan kırdim,4,1,kıyafet
863,özel hazırlanmış gibi löppp etti oturdu :),5,1,kıyafet
864,rengi güzel ama yazlık bir ürün,4,1,kıyafet
865,Fena değil,4,1,kıyafet
866,Çok güzel çok beğendim tam istediğim gibi geldi kaliteli ve güzel herkese öneririm tam bedenim e uydu,5,1,kıyafet
867,Ürün çok rahat ama 1 beden küçük söylemenizi tavsiye ederim tam beden söylerseniz biraz bol oluyor,5,1,kıyafet
868,Başarısız,2,0,kıyafet
869,çok güzel bir ürün tavsiye ederim,4,1,kıyafet
870,Eski erkek arkadaşıma almıştım hala giyiyor utanmazzz,4,1,kıyafet
871,Zayıf ve uzun boyluysanız tavsiye etmem. Onun haricinde güzel hızlı bir şekilde ulaştı.,5,1,kıyafet
872,özel hazırlanmış gibi löppp etti oturdu :),5,1,kıyafet
873,"pantolon güzel ama rengi sevmedim, füme değilde rengi solmuş siyah gibi",5,1,kıyafet
874,Diğer pantolonlar için yaptığım yorumun aynısını yapıyorum.Üstten cepli olsaymış çok daha iyi olurmuş yandan cep kullanışlı olmuyor.Cep telefonu kayıp düşüyor oturunca.,4,1,kıyafet
875,Ürün çok iyi ve rahat. Rengi biraz beje yakın ama yinede gerçekten güzel bir ürün.,5,1,kıyafet
876,Füme renk istedim siyah geldi kalitesi normal,3,0,kıyafet
877,Likralı yazdığı halde ürün likralı değildir hemde ilk yıkamada cekmistir,1,0,kıyafet
878,Kimseye tavsiye etmiyorum sakın almayın Kimyasal kokuyor nekadar yıkasanız Kokuyor ayriyeten boyası cıkıyor dikişler berbat Kimseye tavsiye etmiyorum,1,0,kıyafet
879,Serseri jeans'ı ilk defa tercih ettim ve ürün aldım kumaş kalitesi gayet güzel ve başarılı hepsiburada,5,1,kıyafet
880,"Güzel pantolon tam beden alabilirsiniz Zaten likralı esneme yapıyor. Sadece iç cebi dış cep ile beraber dikilmişti cep içten katlıydı maket bıcağı ile kestik orayı düzeldi, daha dikkatli olunabilir o konuda. O yüzden bir puan kırdım",4,1,kıyafet
881,Verdiğiniz ürün tam beden olmayabilir. 170 boy 60 kiloyum. 31 beden olmadı. Terzi de şu an. Kalıplar her beden de aynı değil. Şalvar gibi gitmek isterseniz sıkıntı yok,1,0,kıyafet
882,Siyah renk almıştım yıkandıktan sonra lacivert olmaya başladı ve ipleri sökülüyor tavsiye etmiyorum.,1,0,kıyafet
883,Güzel idare eder,3,1,kıyafet
884,Dikislerini beğenmedim işçiliği zayıf,3,1,kıyafet
885,Fiyatına göre iyi secenek,3,1,kıyafet
886,Fotoğraftaki ürün gelmedi cepleri cırtlı parlak kumaş siyah kahverengi arası renkli comando marka esnek kumaşlı bir ürün geldi 32 beden sipariş ettim ama L beden gönderilmiş iade ettim,1,0,kıyafet
887,"Ürün çok güzel, kesimi ve esnek yapısı yerinde. Ama yıkamama rağmen üründe ağır bir koku var ve geçmiyor. Bunun sebebi nedir çözemedim. Bu durum rahatsız ediyor.",4,1,kıyafet
888,Dedikleri gibi rahat likealı kumaş değil,3,1,kıyafet
889,"o kadar kalitesiz bir kumaşı var ki resmen ben kanserojenim diye bağırıyor. üzerinde ağır bir kimyasal koku vardı. kalıbı da oldukça kötüydü, ağ kısmı çok geniş, paçası da aşırı dardı. ayağınız girmiyor ki ayağım 41 numara, girse de çıkmıyor. vay arkadaş ne kalitesiz bir üründü ya... uzak durun!",1,0,kıyafet
890,füme diye aldım bildigin siyah. bu fiyata bu kadar,3,1,kıyafet
891,Rengi hemen soldu,3,0,kıyafet
892,kumaşı iy kaliteli rahat ama rengi 4 aylık bı kulaanimdan sonra soluyor,3,1,kıyafet
893,gayet güzel ve rahat,5,1,kıyafet
894,"Tam istediğim gibi rahat, kullanışlı ve dayanıklı. Satıcıda gayet ilgili kargo hızlı",5,1,kıyafet
895,Rahat şık kaliteli biraz pahalı. Tam bedeninizi sipariş edin 78 kiloyum 32 beden oldu,4,1,kıyafet
896,Tam istediğim gibi geldi,5,1,kıyafet
897,Eşime aldım 1.75 boy 85 kilo 33 beden tam oldu ürün gayet güzel,5,1,kıyafet
898,Hızlı kargo geldi teşekkür ederim,5,1,kıyafet
899,Beklenmedik şekilde güzel :),5,1,kıyafet
900,Cok iyi ürün kaliteli umarim rengi atmaz,5,1,kıyafet
901,cok rahart cok beyendım baska renklerde almarı dusunuyorum,5,1,kıyafet
902,Bu pantolonu çok beğendim . Param olsun bikaç tane daha alıcam hediye edicem sevdiklerime,5,1,kıyafet
903,Tam okul pantolonu,4,1,kıyafet
904,Kaliteli ve sağlam tavsiye ederim,5,1,kıyafet
905,Fiyatına göre makul kalitede. Ben beğendim. Adres bilgisi eksik olduğu için başka bir şubeye gitmiş. Dikkat edilmeli.,5,1,kıyafet
906,"Çok kalite beklemeyin, fiyatına göre idare eder.",4,1,kıyafet
907,"ürün bu fiyatı hak etmiyor, kumaşta kötü bir koku var yıkasanız bile geçmiyor, işçiliği çok kötü dikişler ancak bu kadar kötü olabilir, pantolonu bir kere yıkadım ve bazı yerlerinde rengi soldu.",2,0,kıyafet
908,Süper kaliteli,5,1,kıyafet
909,Müq koşun alın hemen,5,1,kıyafet
910,Ürün bı beden büyük alin,5,1,kıyafet
911,Çok güzel ve çok beğendim,5,1,kıyafet
912,bence müthiş ve çok güzel,5,1,kıyafet
913,Ürün çok rahat alırken bir beden büyük alın makine girdiği zaman çekiyor siz bir beden büyük alın,5,1,kıyafet
914,Gayet kullanışlı ve güzel tahmin ettigimdende erken elime ulaştı başarılı,5,1,kıyafet
915,36 beden aldım aşırı büyük ona göre bedeninize göre iyi seçin. küçük alın boyu tam geldi daraltıp sorunu halledebilirim. kumaş iyi gözüküyor ama cepler geniş değil.,4,1,kıyafet
916,Farklı ürün yollandı kalitesizdi,1,0,kıyafet
917,Küçük boy almama rağmen paçası bence uzun pot duruyor bı yüzden. Malzeme kalitesi güzel duruyor. Paçadaki buzmeler pek hoşuma gitmedi. Üzerinize giyince ceplerinbastarı gözüküyor. İşte bu yüzden bu markalar kalkınamıyor. Malzeme kalitesi değil tek konu bu hassas isler. Zira malzeme kalitesi artık 2. Plan oldu kimse yıllarca birşey giymiyor.,3,1,kıyafet
918,İnce dar kesim ona göre alın,3,1,kıyafet
919,ürün yanlış geldi.,1,0,kıyafet
920,Fotoda görüldüğü gibi degil tam bedenimi almama rağmen çuval gibi bisey gönderdiler çok adı Bi ürün almanızı tavsiye etmem,1,0,kıyafet
921,Berbat istediğim beden gelmedi çok kalitesiz 1 haftadır bekliyorum bide iade işlemiyle ugrastiracaklar resmen saçmalık ya biraz özen gosterin,1,0,kıyafet
922,Fotoğrafta ki ile çok benzer değildi. Işık kaynaklı olabilir ama kötü bir model değil.,3,1,kıyafet
923,Ürünün fermuarı bozuk çıktı dükkanlar açık geziyom,3,0,kıyafet
924,Kalitesiz saçma sapan bişey almayn heryeri sökük iple dolu çakmakla yakmaktan gına geldi ipleri,1,0,kıyafet
925,Ürün ikinci yıkamada renk vermeye başladı almayın pişman olursunuz,1,0,kıyafet
926,"ürün likralı, esnek, rahat. ayrıca bilgilendirme kağıdı için teşekkür ederim, fiyat ve kalite olarak iyi.",5,1,kıyafet
927,2 defa ürün istedim hiç biri doğru gelmedi nasıl bir firma nasıl bi işletme anlamadım,1,0,kıyafet
928,"Daha önce siyah renk almıştım 32 beden onun üzerine haki renk almak istedim ama aynı beden seçmeme rağmen içinde de 32 beden yazdığı halde, öbür aldığım ile alakasız boyut farkı var, siyah olan belimden düşmezken bu renk kemerli bile zar zor oldu ve haki renk çok cıvık duruyor...",3,0,kıyafet
929,"Ürün fena değil, görünüşü çok iyi, rahat ve bedeninize göre alın tam oturuyor fakat ceplerinde kullanılan şey kumaş değil bildiğiniz aşırı dandik bir şey ve rengi (1 kere yıkadım arkasını çevirmeyi unuttum benim hatam fakat bu kadar da olmaz) hemen soldu. İlk rengi o kadar canlı o kadar iyi gözüküyordu ki bir şey olmaz sanmıştım. Lafın kısası çok istiyorsanız alın onun dışında pek de tavsiye etmem.",3,0,kıyafet
930,"harika bir ürün ve hızlı gönderi, çok teşekkürler",5,1,kıyafet
931,Harika,5,1,kıyafet
932,"Üründe tuhaf bir koku var. Çamaşır makinesinde yıkadığım halde koku gitmedi. Kimyasal bir koku. Cep dikişleri fazla kaliteli değil. Olabildiğine ince bir kumaş kullanılmış. İlk yıkamada renk atması olmadı. Umarım belirsiz koku gider, rengide ilerleyen süreçte solmaz. 30 beden giyen kardeşim için aldım. 32 beden tam oldu. İade edecek kadar kötü değil ama indirimsiz aldığım bu fiyatı hak ediyor mu tartışılır",2,0,kıyafet
933,hızlı kargo ürün fiyatına göre çok iyi,5,1,kıyafet
934,Teşekkür ediyorum,5,1,kıyafet
935,Çok güzel bir ürün satıcı ilgili mesaj için teşşekürler bir kaç tane daha ürün almayı düşünüyorum tavsiye ederim,4,1,kıyafet
936,ÇOK İYİ ÜRÜN PARASININ KARŞILIĞI,5,1,kıyafet
937,kumaşı orta kalitede ama rahatlık iui,5,1,kıyafet
938,"Tam beklediğim gibi, duruşu çok güzel.",5,1,kıyafet
939,Biraz renk atıyor ve cepleri çok aşağıda,4,1,kıyafet
940,Fiyatına göre çok güzel bir ürün,5,1,kıyafet
941,Kumaş iyi beğendim,5,1,kıyafet
942,"urun çok güzel, deneme amaçlı 1 adet almıştım, daha çok almayı düşünüyorum.",5,1,kıyafet
943,Süper herkese tavsiye ederimm,5,1,kıyafet
944,Parlıyo cok kötü kumaşı sert ve kalitesiz,1,0,kıyafet
945,Çok hızlı kargo ürün kaliteli çok teşekkür ederim,5,1,kıyafet
946,Genç işi,3,0,kıyafet
947,Ürün kalite ve rahatlık bakımından iyi. Fakat pantolonda bir koku var ilk yıkamama rağmen koku geçmedi. Yıkamamdan sonra renk atacakmış izlenimi verdi bana çünkü solan yerler oldu.,3,1,kıyafet
948,Güzel,1,1,kıyafet
949,Dotograftakiyle aynı değil ve kotu,1,0,kıyafet
950,Kaliteli ürün hızlı teslimat teşekkürler,5,1,kıyafet
951,Verdiğim paraya değer bir kalitede ve tatmin edici bir zaman zarfında geldi,4,1,kıyafet
952,Hızlı kargo kaliteli ürün. Kesinlikle parasını hak ediyor.,5,1,kıyafet
953,Urun güzel. Gönderi hızlı parasının karsiligi,5,1,kıyafet
954,Ufak beden göndermişler,1,0,kıyafet
955,Ürünü aldım giymeden yıkayalım dedik rengi bir tık hatta bazı yerleri 2-3 tık açıldı. İkinci yıkamada 1 aydır giyiyormuşum gibi oldu. Devamını düşünemiyorum,3,1,kıyafet
956,Ürün ilk geldi inanilmmaz bi naylon kokusu vardi yikadik pantolon tiftiklenip renk attı baska bisey oldu kesinlikle almayin attığım resimde gorebilirsiniz Henuz hic giymedim,1,0,kıyafet
957,Rahat,5,1,kıyafet
958,Ürün kaliteli kargo hızlı,5,1,kıyafet
959,Harika bir seçim oldu ben çok beğendim,5,1,kıyafet
960,Kumaş kötü siyah olan devamlı tüy topluyor,1,0,kıyafet
961,ürün çok rahat ve kullanışlı. tek eksiği biraz tüy topluyor harici çok şık,4,1,kıyafet
962,Gayet güzel likralı pantolon bir beden büyük sipariş edin,4,1,kıyafet
963,Ürün üstümde fena durmadı rahatta ama ürünün rengi soluk üzerinde lekeler var kumaşida bu fiyat eder mi hiç sanmiyorum yıkamadan sonra çabuk deforme olur gibi pek uzun ömürlü olmaz,2,0,kıyafet
964,Kaliteli,5,1,kıyafet
965,Harika,5,1,kıyafet
966,çok güzel,5,1,kıyafet
967,Boyası aşırı derecede kalitesiz ve çok pis kokuyor çamaşır makinesine attım bütün çamaşırlar leş gibi pis boya koktu ve siyahlaştılar ayrıca pantolonun boyası kalktı bu fiyata değmez,1,0,kıyafet
968,"İşçilik çok kötü. Dikişler özensiz ilk haftası cep dikişi patladı,her tarindan ipler çıkmış temizlenmemis. Alırken bir daha düşünün Tavsiye etmem.",1,0,kıyafet
969,"Çok kötü kokuyor, koku geçmiyor. 3 defa yıkandı koku geçmedi. Verdiğim paraya mı yanayım, giyemediğime mi yanayım! Yıkayınca geçen bir koku değil bu. Kokudan kaynaklı pantolonda kullanılan kimyasalların sağlığa zararlı olabileceğini düşünüyorum.",1,0,kıyafet
970,Gayet güzel,3,1,kıyafet
971,Aşırı bi koku car kükürt kokusu bir defa yıkadık ama yine koku gitmedi nasıl kokusu geçer acaba ürün kalitesi güzel beğenerek giyiyorum ama kokusu sorun,1,0,kıyafet
972,Yıkadıktan sonra tüm rengi soldu,1,0,kıyafet
973,"Geçmeyen kötü bir koku var. 3 defa yıkandı, yine de geçmiyor. Verdiğim paraya yanarım. Pantolon da kullanılan kimyasalların sağlığa zararlı olabileceğini düşünüyorum. Bu koku normal değil.",1,0,kıyafet
974,Kumaşı inanılmaz kalitesiz,1,0,kıyafet
975,Birkaç defa tıklandığında beyazlasmalar başlıyor ama çok rahat,3,1,kıyafet
976,Cep astarları kagıt mendılı gıbı hemencecık yırtıldı,1,0,kıyafet
977,puanı yüksek fiyatı ucuz diye denemek için aldım ama çok kalitesiz ve çok kötü boya kokusu vardı iade etmek zorunda kaldım çok beğenenler bayılanlar pazardan başka yerden alışveriş yapmıyorlar sanırım,1,0,kıyafet
978,Ürünün kumaşı kalitesiz,2,0,kıyafet
979,Malesef ki ilk yıkamada rengi gitti hiç bir şekilde tavsiye etmiyorum,1,0,kıyafet
980,Tek seferde rengi gitti yazık verilen paraya,1,0,kıyafet
981,Kesinlikle ilk yikamada renk atıyor. Önermiyorum hiç.,1,0,kıyafet
982,İlk yıkamada renk atıyor. Çok kalitesiz paranıza yazık etmeyin.,1,0,kıyafet
983,Tek kelime ile berbat,1,0,kıyafet
984,Çok renk atıyor,1,0,kıyafet
985,Üründe sanki kimyasal bir koku yıkayınca bile geçmedi..,1,0,kıyafet
986,Tarzı ve şekli çok güzel ancak kumaş kalitesi kötü. Bir yıkamada sıvı deterjan kullanmamıza rağmen çizgiler oluştu kumaşta. Sert sentetik ve tatlı kaşındiran bir kumaş ancak esnekliği güzel.,3,1,kıyafet
987,Fotoğraftaki kadar şık durmadı :),3,1,kıyafet
988,İlk yıkamada tüm rengi soldu,1,0,kıyafet
989,Beklediğimden biraz daha iyi olabilirdi,3,1,kıyafet
990,Ürün beden ve kesim olarak çok güzel ancak ilk yıkamada rengi attı. Anormal bir yıkama da yapmadım üstelik.,1,0,kıyafet
991,Lastikli değil inanmayın. Beklentiyi yükseltmeyin.,2,0,kıyafet
992,"Ürünün dikişleri hiç sağlam değil ve boyası çok adi, daha ilk yıkamada bolca boya akıtıyor...",1,0,kıyafet
993,Hiç Beklediğim Gibi Değildi,1,0,kıyafet
994,30 derecede ters yıkanmasına rağmen rengi soldu tavsiye etmiyorum.,1,0,kıyafet
995,Çok beğenmedim,1,0,kıyafet
996,"Kumaş biraz zayıf geldi, giyip yıkandıktan sonra daha doğru neticeyi göreceğiz.",3,1,kıyafet
997,Haki renginde istemiştim siyah yollamışlar,1,0,kıyafet
998,Harikasinizz,1,1,kıyafet
999,Çok kalitesiz beklediğim gibi değildi,1,0,kıyafet
1000,Harika kumaş,5,1,kıyafet
1001,Yorumlara bakan arkadaşım al geç diyorum rengi kalitesi tartışılmaz 2 renk aldım.hızlı teslimat herzaman ki gibi tşk hb,5,1,kıyafet
1002,Fiyati uygun ve kaliteli bir ürün. Göründüğü gibi güzel ve kaliteli. Kumaş ve kalitesi çok güzel.,5,1,kıyafet
1003,Ürün güzel fakat kargo paketi özensiz ürün muhtemelen eski sezon fiyat aldığımız fiyatın 3 de 1i olan etiketle geldi fiyat etiketi sökülse iyi olurdu kendinmizi kötü hissetmemizi sağladınız,3,1,kıyafet
1004,Güzel yumuşak ve kaliteli bir ürün. Çok güzel beğendim tavsiye ederim. Çok güzel pamuklu bir kumaşı var.,5,1,kıyafet
1005,"Rengi,duruşu ve kalitesi çok güzel bir ürün. Kesinlikle tavsiye ederim.",5,1,kıyafet
1006,Aynı resimdeki gibi geldi teşekkürler.,5,1,kıyafet
1007,"Ürünün fiyat güncelleme tarihi 2020, üretim tarihi milattan önce sanırım. Böyle bir markaya yakıştıramadım",5,1,kıyafet
1008,fiyat etiketinin üzerine baktığımızda ürünün 2020 ve 2021 yıllarına ait olduğu anlaşılıyor... fiyat etiketinin üzerindeki fiyattan da belli bu durum... 170-200tl fiyat aralığında... lufiana hiç yakışmayan bir satış stratejisi...,5,1,kıyafet
1009,Göründüğü gibi güzel bir ürün.,5,1,kıyafet
1010,Güzel ürün uygun fiyatlı kaliteli. Kumaş doku ve kalitesi çok iyi.,5,1,kıyafet
1011,Kumaş ve kalitesi çok güzel. Kumaşı çok rahat ve şık. Duruşu çok şık ve rahat. Çok güzel pamuklu bir kumaşı var.,5,1,kıyafet
1012,Gayet şık bir ürün kumaşı güzel.,5,1,kıyafet
1013,Çok güzel geldi severek kullanıyorum.,5,1,kıyafet
1014,Çok şık rahat kalıp tavsiye ederim.,5,1,kıyafet
1015,ürünü satın aldıktan 1 gün sonra farklı bir sitede daha ucuzunu buldum 80 tl ve ürün tarafıma ulaşır ulaşmaz iade talebi oluşturdum.(jelatini dahi yoktu ve rengi soluktu)üzerimde denemedim ve kesinlikle yıkanmadı.buna rağmen ürün satışa uygun değildir diye reddettiler. resim çekip göndermişler.paramın hayrını inşallah görmezsiniz.rezil satıcı,5,0,kıyafet
1016,Markanın ürünleri kalite konusunda oldukça iyi . Sezon öncesi indirimden aldım fiyat çok başarılı .,5,1,kıyafet
1017,Çok güzel fotoğrafta görüldüğü gibi.,5,1,kıyafet
1018,Çok iyi kumaşı ve kalıbı.,5,1,kıyafet
1019,Beklenildiği gibi gayet güzel bir ürün.,5,1,kıyafet
1020,Kumaşını çok beğendim eşime hediye aldım kendisi uzun şeyler giymez genelde boy olarak çok beğendi Bi beden büyük alabilirsiniz 1.69-77 kg M beden tam oturdu bi iki kilo alsa olmaz gibi o yüzden diğer renklerini L beden alıcam tavsiye ederim eğer kısa zamanda kullandıkca deforme veya solma olursa editlerim,5,1,kıyafet
1021,Çok güzel beğendim tavsiye ederim.,5,1,kıyafet
1022,Çok iyi,5,1,kıyafet
1023,M beden aldım kalıbı biraz dar gibi yada benim göbeğim büyüdü :) L alsam nasıl olurdu diye düşünüyorum.,5,1,kıyafet
1024,Bedeninizi alın tam oturuyor,5,1,kıyafet
1025,Ürünler kaliteli ve Güzel Paketlenmiş,5,1,kıyafet
1026,Ürünler kaliteli ve Güzel Paketlenmiş...,5,1,kıyafet
1027,Göründüğü gibi kumaşı da kaliteli. Cok rahat ve kaliteli bir urun.,5,1,kıyafet
1028,Çok güzel pamuklu ve kaliteli tavsiye ederim.,5,1,kıyafet
1029,Aynı resimdeki gibi geldi çok beğendim. Bu fiyata gayet güzel ürün. Çok tarz ve güzel bir ürün. Harika tavsiye ederim çok kaliteli. Göründüğü gibi güzel ve kaliteli.,5,1,kıyafet
1030,Gorseldeki gibi gayet güzel ve kaliteli.,5,1,kıyafet
1031,Çok güzel ve rahat bir ürün. Güzel ürün uygun fiyatlı tavsiye ederim. Kumaşı çok rahat ve şık.,4,1,kıyafet
1032,Cok rahat ve guzel bir urun. Güzel yumuşak ve kaliteli tavsiye ederim.,5,1,kıyafet
1033,Kaliteli bir işçilik.Likralı ve kalın bir kumaşa sahip.Kalıp olarak bedeninizi alabilirsiniz.,5,1,kıyafet
1034,"Guzel,şık, kalitesi cok belli ama kumasi mevsim icin biraz kalin geldi bana.",4,1,kıyafet
1035,Ürün en az 4.5 yıllık bir ürün yakasında gövde kısmında solmalar başlamış ilk aldığım ürün de delik çıktı bu üründe böyle geldi hiç yakışmadı,1,0,kıyafet
1036,"Bedenininizin 1 büyüğünü alın , kumaşı hiç hoşuma gitmedi iade talep ettim",1,0,kıyafet
1037,Aşırı güzel kumaşı var çok beğendim.,5,1,kıyafet
1038,Aynı fotoğraftaki ürün gibi gayet güzel.,5,1,kıyafet
1039,Çok güzel ve kaliteli teşekkür ederim.,5,1,kıyafet
1040,"Aşırı güzel kumaşı var ve kaliteli., Gayet şık bir ürün teşekkür ederim., Harika kumaşı var sorunsuz alışveriş oldu., Çok güzel yumuşak bir kumaşı var., Çok tarz ve güzel bir ürün., Çok rahat ve kaliteli bir ürün teşekkürler.",5,1,kıyafet
1041,Beğendim diğer renklerini de alacağım.,4,1,kıyafet
1042,Aynı resimdeki gibi geldi çok beğendim. Cok rahat ve kaliteli bir urun.,5,1,kıyafet
1043,Kumaş çok güzel tavsiye ederim. Kumaşı harika cok begendik tesekkurler. Cok rahat ve kaliteli bir urun.,5,1,kıyafet
1044,Ürün kalitesi güzel.,5,1,kıyafet
1045,Ürün çok eski solmuş artık uzerindede etikette 199 yazıyor çok kötü iade edeceğim,1,0,kıyafet
1046,Güzel göründüğü gibi kaliteli bir ürün.,4,1,kıyafet
1047,Çok şık,5,1,kıyafet
1048,Fena değil,4,1,kıyafet
1049,Güzel ve kaliteli bir ürün.,4,1,kıyafet
1050,"Erkek arkadaşıma aldım, mankenin üstünden daha güzel durdu. Ona bi' kez daha aşık oldum :)",5,1,kıyafet
1051,koltuk altı çok zayıf ürün hiç sağlam değil koltuk altları eriyor yırtılıyor tületici hakem heyeti suçu ban buldu iki ay geçmeden aynı marka tişörtlerin hepsinin koltuk altı deridi hiç sağlam değil verdiğiniz parayı hak etmiyor,1,0,kıyafet
1052,Babama babalar günü hediyesi için aldim farklı şehirdeyiz çok beğenmiş kumaş kalitesi olsun renk olsun detaylar olsun ve kargoyada aynı gün verildi o güne yetiştirdiler sağolsunlar,5,1,kıyafet
1053,Çok kaliteli bir ürün,5,1,kıyafet
1054,"Tişört gayet kaliteli. Zaten Lufian ürünleri gerçekten çok kaliteli. 5-6 senedir bu markadan alışveriş yaparım ve 4 yıl önce aldığım tişörtler bile ilk günkü gibi sapasağlam duruyor. Ne renk soldu ne de çekme yaptı. Umarım bu kaliteyi sürdürürler. Bu arada 183 boy, 89 kg biriyim ve L beden tam oldu. Alacak olanlara referans olması için belirtmek istedim.",5,1,kıyafet
1055,"Bedenim L tam oldu..81 kg 1,73 boy.. çok güzel görünüyor..havadan dolayı giyemedim daha",5,1,kıyafet
1056,L Beden olan daha önce aldığım beyaz polo yaka lufian thsirte göre çok dar o sebeple iade,1,0,kıyafet
1057,Renk tonu güzel gayet canlı bordo renk gayet şık güzel teşekkür ederim,5,1,kıyafet
1058,bir ürünün bu kadar yakıştığını görmek ve kalitesi çevrem tarafından çok brģenilmesi beni inanılmaz mutlu etti.teşekkürler,5,1,kıyafet
1059,HARİKA BİR ÜRÜN HERKESE TAVSİYE EDERİM TEŞEKKÜRLER,5,1,kıyafet
1060,Lufian kalitesi,5,1,kıyafet
1061,Gayet şık ve güzel bir ürün,5,1,kıyafet
1062,Kaliteli ve kullanışlı. Verdiğiniz paraya değiyor. Yıkanma sonrası performansı göreceğiz...,5,1,kıyafet
1063,Süper,5,1,kıyafet
1064,Kalite li,5,1,kıyafet
1065,Güzel lufian kalitesinde bir üründü şaşırtmadı,5,1,kıyafet
1066,Harika ürün. 4 farklı rengi var bende. Polo yakada en sevdiğim marka. Tam bedeninizi alın.,5,1,kıyafet
1067,Görseldeki renk değil.,4,1,kıyafet
1068,Eşim için aldım.cok beğendi ve tam oldu.kargo bayram haftasi olmasına rağmen çok hızlı elimize ulaştı.tesekkurler..,5,1,kıyafet
1069,Devamlı aldığım marka ah o renkler 6 ay sonra solmasa daha canlı kalabilse keşke.,5,1,kıyafet
1070,Çok güzel severek kullanıyorum,5,1,kıyafet
1071,kaliteli,5,1,kıyafet
1072,Gayet kaliteli bir ürün .tam istediğim model beden oldu teşekkürler . kargo gayet hızlı paketleme özenli.,5,1,kıyafet
1073,Hızlı kargo uygun fiyat tabiki lufian,5,1,kıyafet
1074,Güzel bir ürün tavsiye ederim,5,1,kıyafet
1075,Fiyatına göre kalitesi çok iyi,5,1,kıyafet
1076,Bordo anlayışınıza hayran kaldım gerçekten. Bordo istiyoruz mor gönderiyorsunuz.,2,0,kıyafet
1077,Ürün güzel fakat resimdeki renk ile alakası yok hatta bordo bile değil mor deseler daha uygun olur.,3,0,kıyafet
1078,Farklı renk geldi,3,0,kıyafet
1079,2 farklı renkte ürün almama rağmen lacivert olanın bedeni küçük geldi bariz bir şekilde belli oluyor renk canlı ve kaliteli,4,1,kıyafet
1080,Söylediğim tüm ürünler çok kaliteli ve güzeldi.,5,1,kıyafet
1081,Çok güzel bir ürün,5,1,kıyafet
1082,Ürün kalitesi çok kötu aşırı bolarma yaptı,2,0,kıyafet
1083,Güzel,4,1,kıyafet
1084,"Kalite olarak cok guzel, ama reng yanlis geldigi icin iade ettim",4,0,kıyafet
1085,Kaliteli şık,5,1,kıyafet
1086,Kaliteli şık,5,1,kıyafet
1087,Harika ve muhteşem ürün hepsiburada. com teşekkür ederim... baska siteler gibi siparişimi alıp ücretini alıp 10 gun sonra kargom eksik gondermediler... aldığım ürünü elimiIdenyok diye geri iade etmediler... televizyona bile çıktılar böyle yapan firmalae,5,1,kıyafet
1088,Beğendim tam istediğim gibi,5,1,kıyafet
1089,Çok güzel ve kaliteli,5,1,kıyafet
1090,bir beden büyük alın,5,1,kıyafet
1091,Güzel ürün.,5,1,kıyafet
1092,"Lufian kalitesi, ürün güzel, tavsiye edilir",5,1,kıyafet
1093,Cokiyi,5,1,kıyafet
1094,"Bu markayı ilk defa kullandım. Çok memnun kaldım. Yıkadıktan sonra çekme vs olmadı. Kendi bedenimi sipariş etmiştim. Üzerime tam oldu. Diğer markalar sanırım indirim günlerine özel kalitesiz ürün üretiyor. İndirimde aldığım başka marka birkaç tişörtte ilk 2 3 yıkamada delinme, çekme vs gibi şeyler oldu. Ben de bu markayı denemek istedim. İyi ki de almışım.",5,1,kıyafet
1095,Yuzde yuz pamuk kumas daha yumusak beklerdim ama güzel kaliteli duruyor,4,1,kıyafet
1096,Kesinlikle mükemmel bir siyah,5,1,kıyafet
1097,Rengi iyi canlı fakat yaz için biraz kalın bir kumaşı var. Yaka kısmının görüntüsünü de pek beğenemedim kumaş nedeniyledir belkide.,4,1,kıyafet
1098,Kalitesi rengi çok güzel bir beden büyük alin,5,1,kıyafet
1099,Orjinal ürün ve çok hızlı kargo bir günde elime ulaştı. Teşekkürler.,5,1,kıyafet
1100,4 adet almıştım. Hiç birinin yaka düğmeleri kapanmıyor. Sanırım hatalı serileri indirim diye bize sattılar.,1,0,kıyafet
1101,"Ürün çok kaliteli ve güzeldir. L geyirdim, L aldım. Fiyatı da uyğun. Her kese tavsiye ederim. Lufian mağazasına ve hepsiburada-ya teşekkürler.",5,1,kıyafet
1102,Bordo istedim mor geldi. Paketlemi yapan arkadaşımızın renk körü olması dışında bi sorun lufian kalitesi belli zaten mor rengide bişekilde giyerim diye iadeyle uğraşmak istemedim.,4,1,kıyafet
1103,normal iş görür derecede,4,1,kıyafet
1104,Harika,5,1,kıyafet
1105,XXL göre biraz dar kumaşı iyi ginişi iyi teşekkürler,4,1,kıyafet
1106,Bedeninizi alin buyuk falan almayin. 178 boy 70 kiloyum yorumlardan M beden aldim kocaman geldi iade de etmedim terziye gotruurp daraltip kisalttim. Oysa direk S beden alsam tam olacakmis.,5,1,kıyafet
1107,Bedeni küçük m oluyo normalde olmadı L ile değiştirmek gerekti,4,1,kıyafet
1108,Ürün çok güzel daha önce mavisini almıştım başka bir siteden kaliteli olduğu için siyahını aldım bu sefer ama kalıpları bana farklı geldi aynı beden oldukları halde.Güzel kullanışlı kaliteli bir ürün.Bu fiyata alınabilir.,5,1,kıyafet
1109,Güzel urun,5,1,kıyafet
1110,Harika kalite. Piyasadaki kaliteli zannedilen birçok markadan iyi. Kesinlikle fiyatının üzerinde bir kalite sunuyor. Giyildiğindeki duruşu da gayet güzel,5,1,kıyafet
1111,Arkadaşlar gerçekten çok kaliteli ürün ben burdayım diyor üzerine diktiysem valla bunu terzi bu kadar beceremez 1.80 105 kg yalnış fit vücudum,5,1,kıyafet
1112,Güzel,5,1,kıyafet
1113,Ürün beklediğim gibi çıkmadı m beden istedik ö beden geldi doğru ama giydiğimiz xxl oluyor sihirli tişört adını koydum buna giymedim abime verdim,5,1,kıyafet
1114,Lufian kalitesi elinize ürün geçer geçmez hissedilmektedir. M beden kendi bedenimi aldık çuk diye üzerime oturdu. Dar sevmeyenler bir büyük beden alsın. Kumaşı kaliteli ve kalındır. Kot üzerinden çok şık durmaktadır. Teslimat zamanında ve ambalaj iyi şekilde geldi. Kesinlikle tavsiye ederim.,4,1,kıyafet
1115,Tek kelimeyle muhteşem.. tişört giymeyen birisi olarak bana tişörtü sevdirdi ya helal olsun lufian... vallahi bütün renklerini aldım gardolabıma..... teşekkürler HB...,5,1,kıyafet
1116,Dar geldi ama ürün güzel,5,1,kıyafet
1117,Alan arkadaşlar ben normalde m bedenim ama kalıbı slim fit olduğu için L beden aldım kumaşı da kalıbı da herşeyi de mükemmel (kg 78 L Beden ),5,1,kıyafet
1118,Çok güzel.Dokusu kaliteli fakat yaz için kalın.Uzun kollu olabilirdi bu kalite ve dokuda.Hayırlı işler.Bedenler fit.Bir beden büyük almalı bence.Hayırlı işler.Jüliyet,5,1,kıyafet
1119,"ürün güzel, sürekli yakalı tişört ve mağazalardan aldığım lufian tişörtlerim var birtek bu kumaşta ter kokusu hemen çıkıyor anlamadım gitti...",5,1,kıyafet
1120,Beyaz renginden almıştım. Kumaşı ve üzerime oturuşu çok hoşuma gitti. Bir de yeşilinden alayım dedim. Kalitesi hemen kendini belli ediyor zaten. Kendi bedeninizi alın.,5,1,kıyafet
1121,Çok kalitesiz,1,0,kıyafet
1122,Arkadaşlar 1.75 boy 70 kilo olarak S beden aldım küçük geldi . Önceki Lufian tişörtüm gibi zannediyordum kesimleri farklıymış . İade talebi oluşturdum M beden olarak değiştireceğim . Lufian kalitesini anlatmaya gerek yok alın pişman olmazsınız,5,1,kıyafet
1123,Ürün 10 numara kaliteli daha önce farklı satıcıdan almıştım 2 adet ve ne çekme ne renk atması oldu. Ama lufian orjinal satıcısı kolları defolu ürün gönderdi. İade etmek zorunda kaldım. Firmaya yakışmadı.,1,0,kıyafet
1124,5 adet xxl ürün sipariş vermiştim bir tek lufian bedeni oldu. Gayet kaliteli tavsiye ederim,5,1,kıyafet
1125,Gelen renk çok kötü resimdekiyle alakası yok,1,0,kıyafet
1126,Diğer markalara sakın para vermeyin Hiç tereddüt etmeden alabilirsiniz hangi beden giyiyorsanız o beden de söyleyin tam gelecektir 176 77 Kg M beden,5,1,kıyafet
1127,Ben ürünü çok beğendim. yeşil sipariş vermiştim ama canlı yeşil değilde soluk yeşil geldi. ama soluk olması daha iyiymiş. tavsiye ederim. bu fiyata bu kalite kaçmaz bence. bir sipariş daha verdim,5,1,kıyafet
1128,Eğer bu orijinal ürünse lüfian kalitesini düşürmüş,1,0,kıyafet
1129,"Kumaşı kalın ve boyu bedenine göre uzun olduğu için 4 yıldız veriyorum. Onun dışında çok kaliteli, esneme yapmıyor. Diğer renklerinden de aldım. Onların kumaşı kalın değil ve boyları normal.",4,1,kıyafet
1130,Tişört güzel fakat bir beden büyük almak daha iyi olur kalıpları biraz küçük gelebilir,5,1,kıyafet
1131,Teşekkür ederim hepsiburada,5,1,kıyafet
1132,"170 cm 74 kg M beden tam oldu. Ürünler güzel görünüyor, umarım yıkandıktan sonra bozulmalar.",5,1,kıyafet
1133,1.67 60 kilo biri olarak XS aldim cok guzel oldu ne dar ne genis tek sorun alt kismi biraz uzun onuda 1 cm. Kisaltinca sorun kalmadi,5,1,kıyafet
1134,Kuması o kadar kaliteliki asla salma bollaşma yapmıyor yıllardır eşime kullandgm bir markadır pamuk asla polyester yok,5,1,kıyafet
1135,Cok guzel bir ürün kumaşı da çok kaliteli duruyor 183 boy 91 kg L beden uygun geldi biraz bol sevenler bir beden büyük söyleyebilir,4,1,kıyafet
1136,Harika bir ürün,5,1,kıyafet
1137,efsane ürün kaliteli solma yapmadı en az 6-7 kez yıkandı tık yok ilk günki gibi,5,1,kıyafet
1138,Kaliteli ama daha açık ton geldi,5,1,kıyafet
1139,Çok kaliteli ve güzel ürün. Kendi bedeninizi alın. Azerbaycandan sipariş etmişdim. Ürünü çok beğendim. Teşekkürler.,5,1,kıyafet
1140,Kaliteli bir tişört sadece bir gün giyebildim çiviyle takıldı yırtıldı,5,1,kıyafet
1141,Sorunsuz bir şekilde teslim edilmiştir. Ürün görseldeki ile birebir aynıdır.,5,1,kıyafet
1142,Ürün görseldeki ürünle birebir aynı geldi. Kalitesi çok iyi,5,1,kıyafet
1143,Lufian markasının herşeyi çok kaliteli ürün tam istediğim gibi farklı renklerinden 4 tane aldım,5,1,kıyafet
1144,"Ürün gayet güzel ve çok kaliteli. 175 cm, 88 kg XL tam oldu. Almak isteyenlere şiddetle tavsiye ederim.",5,1,kıyafet
1145,Urun de beyaz beyaz lekeler var di geri gondermekle ugrasmadim sanirim indirim olunca kusurlulari gonderiyorlar bilginize,2,0,kıyafet
1146,Harika,5,1,kıyafet
1147,Bordo istedim mor geldi onun dışında gayet güzel 1.80 boy 85 kilo L beden tam oldu,5,1,kıyafet
1148,Bu platformdaki en iyi mağaza tartışmasız LUFIAN 1.73 75 kılo m beden tam oldu,5,1,kıyafet
1149,"Lufiandaki tek sorun aynı model aynı ebat iki farklı renk arasında kalıp farkı olabiliyor, bunun harici kumaş kalitesi rengi kesimi çok güzel",4,1,kıyafet
1150,Ürün fiyatına göre makul ben beğendim,5,1,kıyafet
1151,Urunun kalitesi gayet iyi tabi renk atma konusu zamanla belli olur.Boy 1.80 kilo 98 xxl beden uydu.Tesekkurler..,5,1,kıyafet
1152,"Kumaş kalitesi ,kesim, beden her şeyi ile süper.Tavsiye ederim.Çok beğendim",5,1,kıyafet
1153,Tam bedeninizi alin esime cuk oturdu markayi bilen bilir zaten kalitesine lafim yok kumasini merak edenler icin kalin ve gayet kaliteli,5,1,kıyafet
1154,"T-shirt elime ulaştı giymeden önce yıkattırıp giyecektim 40c yıkamama rağmen rengi soldu matlaştı. bana gelen ürünün sahte yada kusurlu olduğunu düşünüyorum, lufian kalitesini biliyorum büyle olmaması gerekiyordu. geri gönderecem inş telafi ederler.",1,0,kıyafet
1155,Üründen çok memnunum fakat.. Bu renk burada bordo dıye satılıyor bildiğiniz mor geliyo.. Lufian a yakıstıramadım..,1,0,kıyafet
1156,"Beyaz renginin yakası yıkanırken yani ıslakken rengi mor gibi oldu, kuruyunca geçti gibi ama kumaş farklılığı olduğu için olabilir. Fena değil",3,1,kıyafet
1157,Bu marka bu üründen diğer renklerden var bunun kesimi biraz daha slim,3,1,kıyafet
1158,Ürün görselde bordo yazıyor görünüyor fakat elimize geçen ürün mor renkte geldi.,1,0,kıyafet
1159,Efsane urun kalite kesinlikle tavsiye,5,1,kıyafet
1160,1 beden büyük alın derim.,5,1,kıyafet
1161,Tek kelimeyle muhteşem.....,5,1,kıyafet
1162,Ürün güzel beğendim,5,1,kıyafet
1163,Teşekkürler H.B kaliteli 185 boy kilo 100 XL alın,5,1,kıyafet
1164,"Hafif boyu uzun, onun harici kaliteli",5,1,kıyafet
1165,İsminin hakkını verdiği düşünüyorum,5,1,kıyafet
1166,"Renk solma olayı olmuyor, kalıbı da çok güzel",5,1,kıyafet
1167,"Kaliteli ürün, cok uygun fiyat",5,1,kıyafet
1168,Hiç tereddüt etmeden alın.Diğer markalar lufian yanında bir hiç. 176 78 kg M beden,5,1,kıyafet
1169,"Güzel ama yorumlar kadar abartılı değil, 180 boy 98 kilo XXL tam oldu sipariş verirken referans olarak alabilirsiniz.",5,1,kıyafet
1170,1.78 boy 86 kilo large beden tam oldu,5,1,kıyafet
1171,Çok kaliteli bir durusu var düğmeleri tamamen kapanınca gomlekvari oluyor resmi yerlerdede rahatca giyebilirsiniz.,5,1,kıyafet
1172,179 85 kilo XXL tam oldu. Alacaklar ona alsın. Ürün beklediğim gibi güzeldi.,5,1,kıyafet
1173,1.83 boy 73 kg m tam oldu. Kalite bildiğiniz gibi. Kargo da iyiydi.,5,1,kıyafet
1174,Yanlız yorumlara aldanmayın 90 kilo 1.80 boy XL dar oldu. XXL alın. Ürün mükemmel fiyat mükemmel.,5,1,kıyafet
1175,Şık ve güzel ürün,4,1,kıyafet
1176,Biraz dar geldi. Rengi kalitesi guzel,4,1,kıyafet
1177,Bir beden büyüğünü alın. Çok güzel yeri var tavsiye ederim,5,1,kıyafet
1178,Gerçekten çok beğendim,5,1,kıyafet
1179,çok iyi oturuyor . kumaş hakkında söylenecek pek bişey yok . lufian farkı,5,1,kıyafet
1180,"Çok iyi ürün , bedeninizi alın",5,1,kıyafet
1181,Çok kaliteli,5,1,kıyafet
1182,"Çok çok çok iyiydi. Tam bedenimi aldım tam oldu. 1,75 boy - 74 kg M beden",5,1,kıyafet
1183,Lufian der susarım... Kaliteli ve çok şık bir ürün bedeninizin bi beden büyüğünu almalısıniz,5,1,kıyafet
1184,Çok güzel ve kaliteli bir ürün..,5,1,kıyafet
1185,Çok kaliteli ve kalıp çok iyi bundan sonra hep tercihimiz olacak,5,1,kıyafet
1186,Kumaşı yumuşak gayet güzel,5,1,kıyafet
1187,5 yıldız az abi ürün aşırı kaliteli avvaya bin basar,5,1,kıyafet
1188,Tek kelimeyle mükemmel...,5,1,kıyafet
1189,Kumaşı kalitesi çok güzel. Yıkandıktan sonra solma olmadı. Eşim severek giyiyor.,5,1,kıyafet
1190,buz beyazı güzel ürün,5,1,kıyafet
1191,Diger modele göre kumaş kalın biraz ama kaliteli ürün,4,1,kıyafet
1192,Fotoğrafta göründüğünden biraz daha açık sarı. Ancak ürün kalitesi iyi,5,1,kıyafet
1193,Kumaş kalitesi ve renklerin canlılığı başarılı.,5,1,kıyafet
1194,"Çok çok çok iyiydi. Tam bedenimi aldım tam oldu. 1,75 boy - 74 kg M beden",5,1,kıyafet
1195,Kumaşı ve kalıbı çok iyi 180 boy 85 kg L beden tam oturdu,5,1,kıyafet
1196,Ürün güzel beğendim tşk ederim her kese tavsiye ederim,5,1,kıyafet
1197,Tam istediğim gibi,5,1,kıyafet
1198,"1.83 74 kg için m aldım, tam oldu. Kalite bildiğiniz gibi, kargo da iyiydi.",5,1,kıyafet
1199,Çok dar kalıp,5,0,kıyafet
1200,ürün çok güzel ve bedeni tam ama göbekli adam işi değil.,5,1,kıyafet
1201,Like,5,1,kıyafet
1202,Kaliteli kumaş güzel kalıp . Tam bedeninizi alın,5,1,kıyafet
1203,Kalite akıyor üründen,5,1,kıyafet
1204,Tek kelimeyle muhteşem...,5,1,kıyafet
1205,Ürün hızlı geldi.Fiyati iyidi. Syg.,5,1,kıyafet
1206,1.78 boy 86 kilo large beden tam oldu,5,1,kıyafet
1207,Like,5,1,kıyafet
1208,Ürün çok güzel fakat bedeninizden 1 beden büyük alın derim.,5,1,kıyafet
1209,"Görseldeki gibi, 1 günde teslim edildi. Çok kaliteli bir kumaşı var.",5,1,kıyafet
1210,"Kumaşı falan kaliteli, güzel bir ürün ama kalıbı biraz dar. Alacaklar ona göre alsın onun haricinde alan memnun kalır diye düşünüyorum",4,1,kıyafet
1211,Resimde göründüğü gibi kaliteli tavsiye edilir,5,1,kıyafet
1212,Ürün cok guzeldi sadece dar kalip oldugu icin bedeni olmadi,5,1,kıyafet
1213,HARİKA TEK KELİMEYLE,5,1,kıyafet
1214,Renk beklediğimden daha güzel kalıpları biraz küçük gibi ama hangi ebatta giyiyorsanız ona göre sipariş verebilirsiniz.,5,1,kıyafet
1215,Süper kaliteli bir ürün poloymuş lacosmuş sakın onlara para vermeyin lufian onlara beş basar harika bir ürün tesekkürler lufian.,5,1,kıyafet
1216,"Dar kalıp,büyük beden alın",4,1,kıyafet
1217,Beş yildiz,5,1,kıyafet
1218,"Beden ve kalite çok iyi geldi, fakat fotoğrafta ki gibi renk değil.",4,1,kıyafet
1219,Kumaş kalitesi ve renklerin canlılığı çok başarılı.,5,1,kıyafet
1220,Resimde göründüğü gibi kaliteli tavsiye edilir,5,1,kıyafet
1221,Ürün fiyat fayda kıyaslamasında bedava gibiydi,5,1,kıyafet
1222,"Rengi güzel, kalıbı iyi, 1,70 boy ve 65 kilo tam oturdu.",5,1,kıyafet
1223,180 boy 90 kilo L beden oldu,5,1,kıyafet
1224,Çok rahat bir ürün..,5,1,kıyafet
1225,Güzel gayet kaliteli m giyerim m aldım tam oldu sorun yok yalnız resimde çok parlak duruyor rengi okadar canlı değil kalitesi güzel,4,1,kıyafet
1226,Güneş yanıkları var kırış kırış,1,0,kıyafet
1227,Beden farklı mağaza l benden ile burdan aldığım l beden farklı ve kalitesiz,1,0,kıyafet
1228,Renk farklı geldi,1,0,kıyafet
1229,Farklı renk göndrildi.,1,0,kıyafet
1230,Koltuk altı delik geldi!!!,1,0,kıyafet
1231,Lufian markasına yakışmadı normal bir ürün,3,0,kıyafet
1232,Görseldeki renk ve ürün rengi çok farklı çimento yeşili,2,0,kıyafet
1233,Teşekkürler,5,1,kıyafet
1234,"Ürün slim fit, bir beden büyük alınabilir",4,1,kıyafet
1235,188 boy 94 kilo XL aldım büyük geldi,4,1,kıyafet
1236,Gerçekten her yönüyle çok şık ve kaliteli.Bedeni tam oldu.,5,1,kıyafet
1237,Ürün çok güzel ve kaliteli,5,1,kıyafet
1238,Çok iyi,5,1,kıyafet
1239,Çok iyi,5,1,kıyafet
1240,Rengi on numara 5yıldız,5,1,kıyafet
1241,çok memnun kaldım ikinciyi aldım,5,1,kıyafet
1242,Güzel ve yakışıklı,5,1,kıyafet
1243,Ürün iyi. 100 pamuk. Daha giyinmedim ama fena durmuyor. Paketleme kötüydü daha iyi olabilirdi.,4,1,kıyafet
1244,Ürün güzel ve kaliteli ancak boyu uzun küçük beden alacaklar boyu ile ilgli sorun yaşayabilir ben kestireceğim onun haricinde problem yok,4,1,kıyafet
1245,"Güzel ürün,hızlı teslimat satıcıya teşekkürler",5,1,kıyafet
1246,Kalite,5,1,kıyafet
1247,Çok güzel ürün,5,1,kıyafet
1248,Güzel ürün,4,1,kıyafet
1249,Bir beden büyüğünü almanızı öneririm. Ürün güzel.,5,1,kıyafet
1250,Gayet güzel tam beden ölçüsü alın,4,1,kıyafet
1251,Kalite,5,1,kıyafet
1252,Lufian şıklığı bir sey demeye gerek yok,5,1,kıyafet
1253,Gayet kaliteli ve uygun fiyat,5,1,kıyafet
1254,Çok güzel ve çok kaliteli bir kumaşı var herkese tavsiye ederim,5,1,kıyafet
1255,Lufian teşekkürler,5,1,kıyafet
1256,Fiyatına göre çok iyi bir ürün normal kullandığınız beden sipariş verin,5,1,kıyafet
1257,Solmuş bir renk gönderilmiş. Lufian kalitesine yakıştıramadım.,2,0,kıyafet
1258,Çok güzel kaliteli alacaklar tereddüt etmeden alabilir,5,1,kıyafet
1259,Kaliteli güzel,4,1,kıyafet
1260,Güzel kaliteli,4,1,kıyafet
1261,Eşime hediye olarak aldım kalitesi harika,5,1,kıyafet
1262,"güzel kalıp, lufian'a göre de gayet uygun fiyatlı. alınır",5,1,kıyafet
1263,Kumaşı çok kaliteli ve şık,5,1,kıyafet
1264,Süper Ürün kalitesi markada saklı,5,1,kıyafet
1265,Teşekkürler,5,1,kıyafet
1266,Gerçek Lufian kalitesi tam bedeninizi alın,5,1,kıyafet
1267,Yoruma gerek varmı 5 renk aldım Tek kelimeyle süper,5,1,kıyafet
1268,Duruşu ve kalıbı güzel,5,1,kıyafet
1269,Çok kaliteli ama biraz kalın. Yazın terletecek gibi duruyor.,5,1,kıyafet
1270,Kalite,5,1,kıyafet
1271,kaliteli,5,1,kıyafet
1272,kaliteli,5,1,kıyafet
1273,"kalıbı, kumaş kalitesi, çok iyi.",5,1,kıyafet
1274,"Güzel ürün,hızlı teslimat satıcıya teşekkürler",5,1,kıyafet
1275,Boy 180 kilo 95 xxl alınız fiyatında kalitesinde iyi,5,1,kıyafet
1276,Lufian kalitesi tartışılmaz. Tam bedeninizi alın,5,1,kıyafet
1277,Rengi fotoda görüldüğü kadar canlı değil,4,1,kıyafet
1278,Güzel,5,1,kıyafet
1279,Yoruma gerek varmı 5 renk aldım Tek kelimeyle süper,5,1,kıyafet
1280,Kaliteli ve uygun fiyat.....,5,1,kıyafet
1281,"Kaliteli, güzel bir ürün. Tavsiye ederim.",5,1,kıyafet
1282,çok kaliteli ve güzel,5,1,kıyafet
1283,Güzel bir ürün,5,1,kıyafet
1284,Kumaşı kaliteli.,4,1,kıyafet
1285,ürün çok güzel kaliteli tavsiye ederim.,5,1,kıyafet
1286,Çok iyi,5,1,kıyafet
1287,Gorseldeki gibi parlak renk değil mat renk İdare eder,4,1,kıyafet
1288,Teşekkürler,5,1,kıyafet
1289,Kaliteli ürün. Tam bedeninizi alın,5,1,kıyafet
1290,Kaliteli renk bir tık acik,5,1,kıyafet
1291,Harıka aldım çok gusel,5,1,kıyafet
1292,Harika fakat ateş kırmızı ona göre alın,5,1,kıyafet
1293,"Kalıbı güzel, boyu uzun biraz terziden kisalttirmak gerekiyor, kumas kalitesi daha iyi olabilirdi",4,1,kıyafet
1294,Orijinal kaliteli ürün,5,1,kıyafet
1295,Güzel ancak resimde görüldüğü kadar parlak değil normal tshirt lere göre kalitesi belli tam bedenimi aldım tam oldu,4,1,kıyafet
1296,Ürün görselde sununlan ürün ile hiç alakası yok ense iç etiketi bile farklı görseldeki renk deseniz hiç benzemiyor iade talebinde bulundum 2 adet almıştım sonucu görcez,1,0,kıyafet
1297,renk çok kötü,1,0,kıyafet
1298,Soldu,1,0,kıyafet
1299,Ürünü bir takım kampanyalar ile aldım ki alma sebebim de zaten bu kampanyalar oldu. Resimdeki ürün ile gelen arwsinda ki farkın yorumunu sizlere bırakıyorum,1,0,kıyafet
1300,Bedenler normale göre biraz dar ona göre alın onun dışında ürün güzel,4,1,kıyafet
1301,Renk konusunda aldatıyorlar,1,0,kıyafet
1302,Güzel ürün,4,1,kıyafet
1303,Ürün çok güzel tavsiye ederim,5,1,kıyafet
1304,"Kargo zamanında ulaştı , ürün de kalitesini bildiğimiz bir ürün",4,1,kıyafet
1305,Mükemmel,5,1,kıyafet
1306,Güzel,4,1,kıyafet
1307,7 yıldız,5,1,kıyafet
1308,Kaliteli,5,1,kıyafet
1309,Ürün guzel,5,1,kıyafet
1310,Ürün tam istediğim gibi çok güzel. Kesinlikle tavsiye ediyorum,5,1,kıyafet
1311,Lufian kalitesi ve hepsiburada ozeni.tam kalip renk gozuktugu gibi,5,1,kıyafet
1312,Lufian,4,1,kıyafet
1313,Bedenler normale göre biraz dar ona göre alın onun dışında ürün güzel,4,1,kıyafet
1314,1.70 boy 77 kg L dar geldi,4,1,kıyafet
1315,Teşekkürler,5,1,kıyafet
1316,beden tam.ürün güzel.paketleme özensiz olsada hızlıca ulaştı.,4,1,kıyafet
1317,Kaliteli tam beden uyumu mükemmel,4,1,kıyafet
1318,Şık.,5,1,kıyafet
1319,Hızlı gönderi iyi paket,4,1,kıyafet
1320,Güzel kalıp,5,1,kıyafet
1321,Güzel,4,1,kıyafet
1322,İyi guzell,5,1,kıyafet
1323,Kumaş kalitesi güzel bedeniniz ne ise onu alın ben çok dar sevmediğim için dar kalıplarda bir beden büyüğünü aldım,5,1,kıyafet
1324,Kargo hızlı ürünler güzel.,5,1,kıyafet
1325,Sanırım bana satıştaki üründen farklı renk gönderildi yanlışlıkla elime geçen ürün koyu değil aksine soluk yıkanmış bir yeşil,1,0,kıyafet
1326,"Görselde ki yeşil değil soluk yeşil geldi, satılmayan renkleri internetten alışveriş te gönderiyorlar, belki geri göndermez diye ki işe yaradı ben geri göndermedim, ama güvenilmez satıcı..",1,0,kıyafet
1327,Görselde sunulan ürün gelmedi iç ense etiklerine kadar farklıydı ürünün rengi desen görselleri ile hiç alakası yok,1,0,kıyafet
1328,Alti etek gibi durdu cok uzun,1,0,kıyafet
1329,Ürünler aynı resimdeki gibi geldi ama kargo firmasına bağlı olarak gecikti 2 gün.,3,1,kıyafet
1330,Anlatıldığı gibi abartılacak bir şey yoktur. Orta kalite denilebilir.,3,1,kıyafet
1331,"fiyat ve kalite çok iyi, sadece ürünün boyo uzun, eşdeğeri ürünlere göre oldukça..",4,1,kıyafet
1332,Güzell,4,1,kıyafet
1333,iyi,5,1,kıyafet
1334,Kalite kalite ve kalite. Çok iyi.,5,1,kıyafet
1335,Gayet güzel ve bu fiyata oldukça kaliteli,5,1,kıyafet
1336,Basarili,5,1,kıyafet
1337,Ürün güzel fakst lütfen görseli değiştirin koyu yeşil gibi duruyor. Koyu yeşil sanıp aldım daha net bir görsel olsa siyah olduğunu anlayabiliriz,1,0,kıyafet
1338,"Ürün rengi bordo sipariş verdik, arkadaşlar hiç bordo renk görmemişler heralde patlıcan moru geldi. Güvenilmez satıcı",1,0,kıyafet
1339,Kucuk cikti iade ettim,3,0,kıyafet
1340,Kucuk cikti iade ettim,3,0,kıyafet
1341,Ürün kaliteli piyasadaki tşörtlere göre daha kalın 1.80 boy 90 kg beden olarak L aldım tam oldu.,5,1,kıyafet
1342,Kalıp kalıbı tutmuyor,3,0,kıyafet
1343,"rengi soluk, malzeme kalitesi fena değil",3,1,kıyafet
1344,ÜRÜN BEŞ PARA ETMEZ NORMAL PİYASA MALI,1,0,kıyafet
1345,Renk farklı idare eder,3,1,kıyafet
1346,İdare eder bir sezon,3,1,kıyafet
1347,Ürünün siyahına bayıldım. 2 tane almıştım vücutta oturuşu çok iyi fakat 1 yıldız vermemin sebebi urun bordo olarak adlandirilsada bildiğiniz MOR Renk bunu bilerek alın ben iade ettim.,1,0,kıyafet
1348,Ürün güzel kaliteli kumaştan(piyasadakilere göre bir tık kalın) kesimi iyi. 1.80 boy 90 kg Beden L tam oldu.,5,1,kıyafet
1349,3 xl aldık düdük gibi geldi kaldı ki ben 2 xl giyerim az dökümlü olsun istedim. Streç filme sarılmış gibi oldum.,1,0,kıyafet
1350,Beklediğim renk gelmedi,2,0,kıyafet
1351,Kumaşı duruşu çok güzel..Almayan üzülür ...,5,1,kıyafet
1352,teşekkürler çok güzel,5,1,kıyafet
1353,Urun dokusu cok rahat degil lufian ama 1.sinif degil gibi,2,0,kıyafet
1354,Kalite,5,1,kıyafet
1355,Fotoğrafta göründüğü gibi rengi parlak değil aldığıma pişman oldum mümkünse iade etmek istiyorum,1,0,kıyafet
1356,Ürünleriniz iyi olabilir ama çekimleri kim yapıyorsa resimle gelen ürün aynısı olursa memnun oluruz,1,0,kıyafet
1357,Anlamsız uzun geldi resmen dizime geliyor,1,0,kıyafet
1358,Kaliplar cok dar ve kotu,1,0,kıyafet
1359,Kumaşı güzel degil,1,0,kıyafet
1360,Tişört kaliteli fakat bu rengi değil bana gönderilen mavi renk tişört.. büyük bo markanın yapması sasirtici,1,0,kıyafet
1361,Gelen ürün ile resimdeki ürünün rengi aynı değil. Bugün 30 derece yıkandı ve tshirt çekti. Giyemeden küçüldü.,1,0,kıyafet
1362,Gelen ürün ile resimdeki ürünün rengi aynı değil. Bugün 30 derece yıkandı ve tshirt çekti. Giyemeden küçüldü.,1,0,kıyafet
1363,hiçbir markanın XL' ı birbirini tutmuyor,3,1,kıyafet
1364,Ürünün kalıbı dar. Ayrıca görseldeki renk tonu farklı.,3,1,kıyafet
1365,Çabuk deforme oldu,3,0,kıyafet
1366,Ürün yeşil eve gelen fume,1,0,kıyafet
1367,Ürünü sipariş ettikten 13 gün sonra elime ulaştı çok geç kargoya verildi ayrıca ben bordo renk sipariş verdim mor renk t shirt geldi.,1,0,kıyafet
1368,Çok beğendim ve kaliteli Hepsiburada ya teşekkür ederim,5,1,kıyafet
1369,Alti cok uzun xs almama ragmen rengide gorundugu gibi canli deyil,1,0,kıyafet
1370,Rengi soluklu iade ettim,2,0,kıyafet
1371,Teşekkür ederim emeği geçenlere güzel ürün hızlı teslimat,5,1,kıyafet
1372,"Uzun boylular için uygun değil,boyu kısa",1,0,kıyafet
1373,30 derece yıkandı ve tshirt çekti. Giyemeden küçüldü.,1,0,kıyafet
1374,Kalite açısından başarısız buldum,1,0,kıyafet
1375,Kalıbı çok dar ayrıca boyu çok uzun iade ile uğraşmak istemedim yeğene verdim alacaksanız bunları göz önünde bulundurarak alın,1,0,kıyafet
1376,İyi bi seçim değil,1,0,kıyafet
1377,30 derece yıkandı ve tshirt çekti. Giyemeden küçüldü.,1,0,kıyafet
1378,Kumaşı kalın ve bel kısmı uzun geldiği için iade ettik. Kalıbı da biraz geniş,3,0,kıyafet
1379,güzel ürün harika fiyat,4,1,kıyafet
1380,30 derecede İlk yıkamada rengi gitti,1,0,kıyafet
1381,27 mayıstan beridir hala ses yok bütün telefonlar dahil herşeyi denedim ama maalesef aynı anda yaptıgım sipariş in bir tanesi geldi digerinden haber yok,1,0,kıyafet
1382,Bunlarin 4XL'i Baska firmalarin 2XL'den daha kucuk. Rezalet. direkt iade,1,0,kıyafet
1383,Güzel,5,1,kıyafet
1384,Bunlarin 4XL'i Baska firmalarin 2XL'den daha kucuk. Rezalet. direkt iade,1,0,kıyafet
1385,Urun cok kalitesiz tavsiye etmem,2,0,kıyafet
1386,Ben S beden giyiyorum ama bu bana büyük oldu,1,0,kıyafet
